NDVI,NDWI,SAVI,cloud_percent,day,month,satellite,time,year,timestamp,farm_id,farm_name,week_of_year,quarter,day_of_year,season
0.04068393896846427,-0.14691430358050156,0.061020522904862054,0.005984,27,5,Sentinel2,1527408205306,2018,2018-05-27 08:03:25.306,albadr,albadr,21,2,147,Spring
0.06585220982956502,-0.16115648378212,0.09876713343449706,0.476868,18,12,Sentinel2,1545120183000,2018,2018-12-18 08:03:03.000,albadr,albadr,51,4,352,Winter
0.06349594616491883,-0.1561130445339685,0.09523322252105662,0.062601,18,12,Sentinel2,1545120198000,2018,2018-12-18 08:03:18.000,albadr,albadr,51,4,352,Winter
0.022229889404284324,0.029302341141827865,0.033343509682052935,6.09328,23,12,Sentinel2,1545552196000,2018,2018-12-23 08:03:16.000,albadr,albadr,51,4,357,Winter
0.06373221562331015,-0.1547854664749162,0.0955867159503668,0.535147,28,12,Sentinel2,1545984186000,2018,2018-12-28 08:03:06.000,albadr,albadr,52,4,362,Winter
0.06444899141237655,-0.15665528338534385,0.09666167912316521,21.822838,28,12,Sentinel2,1545984200000,2018,2018-12-28 08:03:20.000,albadr,albadr,52,4,362,Winter
0.0572685466812267,-0.14434807841620373,0.08589320232312118,36.754122,7,1,Sentinel2,1546848202000,2019,2019-01-07 08:03:22.000,albadr,albadr,2,1,7,Winter
0.053158920869945135,-0.1374456720622954,0.07972999461899602,5.705631,12,1,Sentinel2,1547280184000,2019,2019-01-12 08:03:04.000,albadr,albadr,2,1,12,Winter
0.05266122281444264,-0.13707167355328195,0.07898352107002837,0.855388,12,1,Sentinel2,1547280199000,2019,2019-01-12 08:03:19.000,albadr,albadr,2,1,12,Winter
0.0819260368313969,-0.17892510300097103,0.12287595693324109,1.465862,17,1,Sentinel2,1547712188000,2019,2019-01-17 08:03:08.000,albadr,albadr,3,1,17,Winter
0.0815422882157719,-0.17862356972481147,0.1223003655545032,12.213426,17,1,Sentinel2,1547712203000,2019,2019-01-17 08:03:23.000,albadr,albadr,3,1,17,Winter
0.03604212427857664,-0.10499658104729488,0.05405458934855773,39.299427,22,1,Sentinel2,1548144200000,2019,2019-01-22 08:03:20.000,albadr,albadr,4,1,22,Winter
0.05663818142436123,-0.1440777110197986,0.08494739058683175,0.224164,1,2,Sentinel2,1549008186000,2019,2019-02-01 08:03:06.000,albadr,albadr,5,1,32,Winter
0.051624314115137404,-0.13566893158900625,0.07742759553021629,0.102067,1,2,Sentinel2,1549008200000,2019,2019-02-01 08:03:20.000,albadr,albadr,5,1,32,Winter
0.0649181459325532,-0.14498359523566154,0.09736694456654144,0.034768,6,2,Sentinel2,1549440189000,2019,2019-02-06 08:03:09.000,albadr,albadr,6,1,37,Winter
0.06357293786746647,-0.1429038409078722,0.09534937170151164,0.06143,6,2,Sentinel2,1549440204000,2019,2019-02-06 08:03:24.000,albadr,albadr,6,1,37,Winter
0.06512841600583083,-0.1400627400171713,0.09767686823026656,20.451523,11,2,Sentinel2,1549872186000,2019,2019-02-11 08:03:06.000,albadr,albadr,7,1,42,Winter
0.0699009587988894,-0.14936761769047013,0.10483093707356174,1.468724,11,2,Sentinel2,1549872200000,2019,2019-02-11 08:03:20.000,albadr,albadr,7,1,42,Winter
0.07005789749819336,-0.11409801717476978,0.1050783537421381,4.04408,16,2,Sentinel2,1550304189000,2019,2019-02-16 08:03:09.000,albadr,albadr,7,1,47,Winter
0.07861955178511666,-0.17622047882270123,0.11791733250724644,1.016439,3,3,Sentinel2,1551600184000,2019,2019-03-03 08:03:04.000,albadr,albadr,9,1,62,Spring
0.0783341406937375,-0.17557598241310848,0.11748926796703639,2.358094,3,3,Sentinel2,1551600198000,2019,2019-03-03 08:03:18.000,albadr,albadr,9,1,62,Spring
0.07340874554568336,-0.1666250732414369,0.11010210310030016,1.608437,8,3,Sentinel2,1552032186000,2019,2019-03-08 08:03:06.000,albadr,albadr,10,1,67,Spring
0.07340042036741456,-0.16662004713099313,0.11008962582121787,0.203848,8,3,Sentinel2,1552032201000,2019,2019-03-08 08:03:21.000,albadr,albadr,10,1,67,Spring
0.052414726051781164,-0.1430954303944303,0.07861437555898008,5.531579,13,3,Sentinel2,1552464185130,2019,2019-03-13 08:03:05.130,albadr,albadr,11,1,72,Spring
0.05227693335530617,-0.14256854059946136,0.07840770998646816,5.207008,13,3,Sentinel2,1552464199778,2019,2019-03-13 08:03:19.778,albadr,albadr,11,1,72,Spring
0.07497797532837579,-0.16926683549366967,0.11245614032355689,1.895293,18,3,Sentinel2,1552896187000,2019,2019-03-18 08:03:07.000,albadr,albadr,12,1,77,Spring
0.07509859716128729,-0.1688167757923835,0.1126370677313271,0.257381,18,3,Sentinel2,1552896202000,2019,2019-03-18 08:03:22.000,albadr,albadr,12,1,77,Spring
0.045823494823408285,-0.10909734681471828,0.0687278112731414,12.918812,23,3,Sentinel2,1553328187000,2019,2019-03-23 08:03:07.000,albadr,albadr,12,1,82,Spring
0.07062771901939935,-0.16551733789033754,0.10593163171066731,1.812558,28,3,Sentinel2,1553760190000,2019,2019-03-28 08:03:10.000,albadr,albadr,13,1,87,Spring
0.07059960447567604,-0.16466599288843112,0.1058894757221465,0.390814,28,3,Sentinel2,1553760205000,2019,2019-03-28 08:03:25.000,albadr,albadr,13,1,87,Spring
0.06673719845346557,-0.1637133254492965,0.10009651967386704,1.752618,2,4,Sentinel2,1554192189000,2019,2019-04-02 08:03:09.000,albadr,albadr,14,2,92,Spring
0.066161652726096,-0.16280325444340232,0.09923327548075452,0.8409,2,4,Sentinel2,1554192204000,2019,2019-04-02 08:03:24.000,albadr,albadr,14,2,92,Spring
0.04332630451629317,-0.12486938747301647,0.06498383098831971,13.912929,7,4,Sentinel2,1554624205000,2019,2019-04-07 08:03:25.000,albadr,albadr,14,2,97,Spring
0.05667378569830431,-0.14700092121326971,0.08500308571892289,2.96746,12,4,Sentinel2,1555056191000,2019,2019-04-12 08:03:11.000,albadr,albadr,15,2,102,Spring
0.06236621336029158,-0.16144963019394343,0.09354069350810942,25.987999,12,4,Sentinel2,1555056205000,2019,2019-04-12 08:03:25.000,albadr,albadr,15,2,102,Spring
0.025833744195834448,-0.10564152229989351,0.038747103175021065,3.583875,17,4,Sentinel2,1555488195000,2019,2019-04-17 08:03:15.000,albadr,albadr,16,2,107,Spring
0.025444207107019504,-0.1060423043094409,0.038162853518388704,2.07468,17,4,Sentinel2,1555488209000,2019,2019-04-17 08:03:29.000,albadr,albadr,16,2,107,Spring
0.05840549821741678,-0.14950705014934132,0.08760057709817598,3.10444,22,4,Sentinel2,1555920192000,2019,2019-04-22 08:03:12.000,albadr,albadr,17,2,112,Spring
0.05822264305303796,-0.14898950834516753,0.08732631578384005,1.40153,22,4,Sentinel2,1555920207000,2019,2019-04-22 08:03:27.000,albadr,albadr,17,2,112,Spring
0.030082063447793118,-0.10802668202922697,0.04511903699079111,1.860745,27,4,Sentinel2,1556352196000,2019,2019-04-27 08:03:16.000,albadr,albadr,17,2,117,Spring
0.026569438302766608,-0.10010177154661513,0.03985063067715501,5.339244,27,4,Sentinel2,1556352210000,2019,2019-04-27 08:03:30.000,albadr,albadr,17,2,117,Spring
0.040180421314607494,-0.13111327140214846,0.06026529297836019,0.695614,2,5,Sentinel2,1556784193000,2019,2019-05-02 08:03:13.000,albadr,albadr,18,2,122,Spring
0.04005561659135673,-0.13046351727200817,0.06007810137949218,0.17811,2,5,Sentinel2,1556784207000,2019,2019-05-02 08:03:27.000,albadr,albadr,18,2,122,Spring
0.03867723073032918,-0.12306758243470288,0.058010800160516185,3.635158,7,5,Sentinel2,1557216197494,2019,2019-05-07 08:03:17.494,albadr,albadr,19,2,127,Spring
0.04207751196861727,-0.13079551203591766,0.06311069032726475,2.911227,7,5,Sentinel2,1557216212125,2019,2019-05-07 08:03:32.125,albadr,albadr,19,2,127,Spring
0.02636863987637952,-0.1082605407447556,0.0395496207917453,7.688216,12,5,Sentinel2,1557648193000,2019,2019-05-12 08:03:13.000,albadr,albadr,19,2,132,Spring
0.025943202351584527,-0.10900350816096857,0.03891151934239217,9.116959,12,5,Sentinel2,1557648207000,2019,2019-05-12 08:03:27.000,albadr,albadr,19,2,132,Spring
0.033506961673259596,-0.1182682152762446,0.05025601294425224,1.077027,17,5,Sentinel2,1558080197000,2019,2019-05-17 08:03:17.000,albadr,albadr,20,2,137,Spring
0.03322602304004987,-0.11912052025779041,0.0498346583011507,4.446719,17,5,Sentinel2,1558080212000,2019,2019-05-17 08:03:32.000,albadr,albadr,20,2,137,Spring
0.052191067683462794,-0.14817609585130978,0.07827988408001045,0.375119,27,5,Sentinel2,1558944197000,2019,2019-05-27 08:03:17.000,albadr,albadr,22,2,147,Spring
0.05188940418856208,-0.147876154644576,0.0778274319305858,0.228146,27,5,Sentinel2,1558944212000,2019,2019-05-27 08:03:32.000,albadr,albadr,22,2,147,Spring
0.042677508982845704,-0.13982774828048194,0.0640105877534961,2.94562,1,6,Sentinel2,1559376191000,2019,2019-06-01 08:03:11.000,albadr,albadr,22,2,152,Summer
0.04240301983938307,-0.13928555928231218,0.0635988931050342,8.05635,1,6,Sentinel2,1559376206000,2019,2019-06-01 08:03:26.000,albadr,albadr,22,2,152,Summer
0.046455854346101215,-0.1400083256923781,0.0696777803461067,2.736235,6,6,Sentinel2,1559808197000,2019,2019-06-06 08:03:17.000,albadr,albadr,23,2,157,Summer
0.049194153871175046,-0.14713627335090013,0.07378476573268249,0.127696,6,6,Sentinel2,1559808211000,2019,2019-06-06 08:03:31.000,albadr,albadr,23,2,157,Summer
0.028203485345351123,-0.11674803115838259,0.0423017225771565,23.12414,11,6,Sentinel2,1560240206000,2019,2019-06-11 08:03:26.000,albadr,albadr,24,2,162,Summer
0.05637662156478053,-0.16090585624642045,0.08455518029601948,0.94194,2,1,Sentinel2,1577952184314,2020,2020-01-02 08:03:04.314,albadr,albadr,1,1,2,Winter
0.05268650851096735,-0.1521546919516925,0.07902083725126484,5.004065,2,1,Sentinel2,1577952198958,2020,2020-01-02 08:03:18.958,albadr,albadr,1,1,2,Winter
0.08053430715530134,-0.1446107022143375,0.12078546175589816,25.697847,7,1,Sentinel2,1578384183761,2020,2020-01-07 08:03:03.761,albadr,albadr,2,1,7,Winter
0.07870063684383681,-0.1449217949809195,0.11803553891234696,30.754996,7,1,Sentinel2,1578384198411,2020,2020-01-07 08:03:18.411,albadr,albadr,2,1,7,Winter
0.03823050579964875,-0.12089622005630825,0.05734090281943097,16.96224,10,1,Sentinel2,1578643979058,2020,2020-01-10 08:12:59.058,albadr,albadr,2,1,10,Winter
0.036868369018205664,-0.11818057991087362,0.05529788103944585,28.673486,10,1,Sentinel2,1578643993681,2020,2020-01-10 08:13:13.681,albadr,albadr,2,1,10,Winter
0.045137831569955815,-0.08661442011719955,0.06770168974185928,26.806625,12,1,Sentinel2,1578816183787,2020,2020-01-12 08:03:03.787,albadr,albadr,2,1,12,Winter
0.0445051501121357,-0.08955971993940176,0.06675280870584675,22.892471,12,1,Sentinel2,1578816198441,2020,2020-01-12 08:03:18.441,albadr,albadr,2,1,12,Winter
-0.02661560239357942,-0.003253188125192714,-0.039913704291463056,14.953834,17,1,Sentinel2,1579248183249,2020,2020-01-17 08:03:03.249,albadr,albadr,3,1,17,Winter
0.04577161658153539,-0.13611003399394092,0.0686504321403803,0.825708,20,1,Sentinel2,1579507978369,2020,2020-01-20 08:12:58.369,albadr,albadr,4,1,20,Winter
0.044980243346463125,-0.13440623419183187,0.06746349153794186,1.100772,20,1,Sentinel2,1579507992990,2020,2020-01-20 08:13:12.990,albadr,albadr,4,1,20,Winter
0.06109821947755655,-0.16131944770863696,0.09163772342118952,1.687128,22,1,Sentinel2,1579680182676,2020,2020-01-22 08:03:02.676,albadr,albadr,4,1,22,Winter
0.05915903410010837,-0.1562313448599776,0.08872934263038174,1.239173,22,1,Sentinel2,1579680197325,2020,2020-01-22 08:03:17.325,albadr,albadr,4,1,22,Winter
0.06635992099586917,-0.1696126150590245,0.09952941583427291,2.843663,27,1,Sentinel2,1580112182262,2020,2020-01-27 08:03:02.262,albadr,albadr,5,1,27,Winter
0.06531351874114628,-0.16749416155489086,0.09795999438860302,5.608267,27,1,Sentinel2,1580112196903,2020,2020-01-27 08:03:16.903,albadr,albadr,5,1,27,Winter
0.05791126330091325,-0.15863891424517265,0.08685769471191977,0.460445,1,2,Sentinel2,1580544182210,2020,2020-02-01 08:03:02.210,albadr,albadr,5,1,32,Winter
0.05760840905141716,-0.15793582854985921,0.0864034850743311,2.362267,1,2,Sentinel2,1580544196854,2020,2020-02-01 08:03:16.854,albadr,albadr,5,1,32,Winter
0.02456084911639331,-0.09206392936232635,0.03683770276068097,19.523841,4,2,Sentinel2,1580803978252,2020,2020-02-04 08:12:58.252,albadr,albadr,6,1,35,Winter
0.05584610480712029,-0.15784155153633134,0.08376051483389156,10.132349,6,2,Sentinel2,1580976180989,2020,2020-02-06 08:03:00.989,albadr,albadr,6,1,37,Winter
0.05778745279472893,-0.16241116954662813,0.08667213558267901,5.355235,6,2,Sentinel2,1580976195640,2020,2020-02-06 08:03:15.640,albadr,albadr,6,1,37,Winter
0.056781616904116684,-0.1075437172930807,0.08516516751490204,2.847569,9,2,Sentinel2,1581235977003,2020,2020-02-09 08:12:57.003,albadr,albadr,6,1,40,Winter
0.06585676412385527,-0.1706027745988764,0.09877498800258064,1.586398,11,2,Sentinel2,1581408184301,2020,2020-02-11 08:03:04.301,albadr,albadr,7,1,42,Winter
0.06520276904211228,-0.16932958081894908,0.0977941053827333,0.287513,11,2,Sentinel2,1581408198941,2020,2020-02-11 08:03:18.941,albadr,albadr,7,1,42,Winter
-0.004175155706829174,0.023625065104427936,-0.006262520896860542,11.536454,19,2,Sentinel2,1582099978772,2020,2020-02-19 08:12:58.772,albadr,albadr,8,1,50,Winter
0.054439733715924046,-0.15132485704918153,0.08165143129188102,3.64181,21,2,Sentinel2,1582272185823,2020,2020-02-21 08:03:05.823,albadr,albadr,8,1,52,Winter
0.054025972917111934,-0.15062487444292005,0.08103085141628076,4.104456,21,2,Sentinel2,1582272200466,2020,2020-02-21 08:03:20.466,albadr,albadr,8,1,52,Winter
0.05575424600992187,-0.15511484229099834,0.08362305832803447,1.447447,26,2,Sentinel2,1582704184352,2020,2020-02-26 08:03:04.352,albadr,albadr,9,1,57,Winter
0.055367737103144875,-0.15461228162697435,0.08304335907469138,0.704786,26,2,Sentinel2,1582704198991,2020,2020-02-26 08:03:18.991,albadr,albadr,9,1,57,Winter
0.06379026308173306,-0.161224967742241,0.09567621788948642,2.720634,2,3,Sentinel2,1583136186796,2020,2020-03-02 08:03:06.796,albadr,albadr,10,1,62,Spring
0.06319746260302701,-0.16043548244035966,0.09478710754575602,1.635068,2,3,Sentinel2,1583136201440,2020,2020-03-02 08:03:21.440,albadr,albadr,10,1,62,Spring
0.05383720923965196,-0.1518554533470182,0.08074819518393035,1.959351,7,3,Sentinel2,1583568185233,2020,2020-03-07 08:03:05.233,albadr,albadr,10,1,67,Spring
0.05365650012882495,-0.15169999501282075,0.08047716564051016,1.175689,7,3,Sentinel2,1583568199871,2020,2020-03-07 08:03:19.871,albadr,albadr,10,1,67,Spring
0.025942819035872873,-0.10617848628554595,0.03891071975036395,8.507882,17,3,Sentinel2,1584432185599,2020,2020-03-17 08:03:05.599,albadr,albadr,12,1,77,Spring
0.02335762946727791,-0.1020134814253156,0.0350333465787031,38.905254,17,3,Sentinel2,1584432200244,2020,2020-03-17 08:03:20.244,albadr,albadr,12,1,77,Spring
0.06601660958619168,-0.16659034239827655,0.09901569603480376,3.300185,22,3,Sentinel2,1584864187240,2020,2020-03-22 08:03:07.240,albadr,albadr,12,1,82,Spring
0.06595322461358351,-0.16588998281124123,0.09892063241717489,39.640196,22,3,Sentinel2,1584864201879,2020,2020-03-22 08:03:21.879,albadr,albadr,12,1,82,Spring
0.02945345348921613,-0.04193353378632081,0.04417657436144506,22.534904,1,4,Sentinel2,1585728201313,2020,2020-04-01 08:03:21.313,albadr,albadr,14,2,92,Spring
0.022541571948552327,-0.10872871935097758,0.03380936182857766,0.185712,6,4,Sentinel2,1586160186295,2020,2020-04-06 08:03:06.295,albadr,albadr,15,2,97,Spring
0.01855124721043133,-0.10101409540189546,0.027824453918386404,0.427795,6,4,Sentinel2,1586160200929,2020,2020-04-06 08:03:20.929,albadr,albadr,15,2,97,Spring
0.04340002549995193,-0.13646354200526137,0.06509438341491224,0.35491,16,4,Sentinel2,1587024189092,2020,2020-04-16 08:03:09.092,albadr,albadr,16,2,107,Spring
0.04382359400422037,-0.1358934375835,0.06572968915542762,0.189242,16,4,Sentinel2,1587024203722,2020,2020-04-16 08:03:23.722,albadr,albadr,16,2,107,Spring
0.03307506845383006,-0.11948767239311696,0.0496081557479407,1.574675,21,4,Sentinel2,1587456183971,2020,2020-04-21 08:03:03.971,albadr,albadr,17,2,112,Spring
0.034091568004889335,-0.12284780798202473,0.05113274437414081,7.029974,21,4,Sentinel2,1587456198617,2020,2020-04-21 08:03:18.617,albadr,albadr,17,2,112,Spring
0.04187973911837407,-0.1202566848259864,0.06281389674992606,0.961722,24,4,Sentinel2,1587715979107,2020,2020-04-24 08:12:59.107,albadr,albadr,17,2,115,Spring
0.04155121724396554,-0.11987810540981751,0.062321157031916215,0.473584,24,4,Sentinel2,1587715993739,2020,2020-04-24 08:13:13.739,albadr,albadr,17,2,115,Spring
0.04769392456076846,-0.14211672662273434,0.07153455806984967,1.28442,26,4,Sentinel2,1587888191428,2020,2020-04-26 08:03:11.428,albadr,albadr,17,2,117,Spring
0.04755058836495078,-0.14160579560271663,0.07131957681852272,0.712065,26,4,Sentinel2,1587888206057,2020,2020-04-26 08:03:26.057,albadr,albadr,17,2,117,Spring
0.05755891785614447,-0.145264367316258,0.08633127039838566,4.668018,1,5,Sentinel2,1588320185603,2020,2020-05-01 08:03:05.603,albadr,albadr,18,2,122,Spring
0.057926758764425296,-0.14720594586157293,0.08688298118307268,7.99429,1,5,Sentinel2,1588320200244,2020,2020-05-01 08:03:20.244,albadr,albadr,18,2,122,Spring
0.05467087398286215,-0.1527849381790736,0.0819992841606471,1.029522,6,5,Sentinel2,1588752207840,2020,2020-05-06 08:03:27.840,albadr,albadr,19,2,127,Spring
0.03545142867209638,-0.12890642624211054,0.05317124155122621,10.938026,1,1,Sentinel2,1609488189498,2021,2021-01-01 08:03:09.498,albadr,albadr,53,1,1,Winter
0.03480882653807681,-0.12776937670748342,0.052207455866313736,7.610969,1,1,Sentinel2,1609488204125,2021,2021-01-01 08:03:24.125,albadr,albadr,53,1,1,Winter
0.0398264212891703,-0.13371033923426529,0.05973292907949856,0.16325,6,1,Sentinel2,1609920188263,2021,2021-01-06 08:03:08.263,albadr,albadr,1,1,6,Winter
0.038483254510425204,-0.13001268502534394,0.057718458137590356,0.052173,6,1,Sentinel2,1609920202896,2021,2021-01-06 08:03:22.896,albadr,albadr,1,1,6,Winter
0.04858530629070667,-0.14838500556243372,0.0728700684031165,0.255164,11,1,Sentinel2,1610352190092,2021,2021-01-11 08:03:10.092,albadr,albadr,2,1,11,Winter
0.04643840100317806,-0.144314994576595,0.06965010582817555,0.091081,11,1,Sentinel2,1610352204719,2021,2021-01-11 08:03:24.719,albadr,albadr,2,1,11,Winter
0.03887066671951373,-0.13248439818452404,0.05829959558797189,0.771858,16,1,Sentinel2,1610784189051,2021,2021-01-16 08:03:09.051,albadr,albadr,2,1,16,Winter
0.04092528980567228,-0.13510530601272458,0.06138115553752872,18.186058,16,1,Sentinel2,1610784203678,2021,2021-01-16 08:03:23.678,albadr,albadr,2,1,16,Winter
0.03539132752210398,-0.11184057886405173,0.05308237108050318,1.366128,21,1,Sentinel2,1611216190052,2021,2021-01-21 08:03:10.052,albadr,albadr,3,1,21,Winter
0.024299764147465982,-0.08959194871855264,0.03644667444524944,2.189876,21,1,Sentinel2,1611216204675,2021,2021-01-21 08:03:24.675,albadr,albadr,3,1,21,Winter
0.03711646628574415,-0.11639242411429089,0.055669399680381294,0.070775,26,1,Sentinel2,1611648189170,2021,2021-01-26 08:03:09.170,albadr,albadr,4,1,26,Winter
0.03091463200618865,-0.10521868725473654,0.04636764527794371,0.274115,26,1,Sentinel2,1611648203805,2021,2021-01-26 08:03:23.805,albadr,albadr,4,1,26,Winter
0.049080208566815484,-0.1439486783960545,0.07361292043977236,0.251836,31,1,Sentinel2,1612080189398,2021,2021-01-31 08:03:09.398,albadr,albadr,4,1,31,Winter
0.04583536893607703,-0.13801800507753006,0.06874624305968893,0.142072,31,1,Sentinel2,1612080204028,2021,2021-01-31 08:03:24.028,albadr,albadr,4,1,31,Winter
0.046814940524151846,-0.14441561348426815,0.07021511236112761,1.559169,10,2,Sentinel2,1612944188075,2021,2021-02-10 08:03:08.075,albadr,albadr,6,1,41,Winter
0.04497889960599858,-0.14004700361502226,0.0674614054752539,5.203628,10,2,Sentinel2,1612944202707,2021,2021-02-10 08:03:22.707,albadr,albadr,6,1,41,Winter
0.041270947002654164,-0.1353059161901065,0.06190003091722872,0.521798,15,2,Sentinel2,1613376187424,2021,2021-02-15 08:03:07.424,albadr,albadr,7,1,46,Winter
0.03911255112978919,-0.13089824703798664,0.058662852185703974,0.438066,15,2,Sentinel2,1613376202054,2021,2021-02-15 08:03:22.054,albadr,albadr,7,1,46,Winter
0.05365316777222349,-0.1504698621332458,0.08047185026197543,1.076558,20,2,Sentinel2,1613808188752,2021,2021-02-20 08:03:08.752,albadr,albadr,7,1,51,Winter
0.052850296367710124,-0.14893523438959805,0.07926765547091068,16.138833,20,2,Sentinel2,1613808203384,2021,2021-02-20 08:03:23.384,albadr,albadr,7,1,51,Winter
0.05743998266209568,-0.15580324861359743,0.08615152753501908,1.417418,25,2,Sentinel2,1614240187776,2021,2021-02-25 08:03:07.776,albadr,albadr,8,1,56,Winter
0.057160192966377026,-0.15529068931677717,0.08573189269876604,0.090189,25,2,Sentinel2,1614240202411,2021,2021-02-25 08:03:22.411,albadr,albadr,8,1,56,Winter
0.055793332292153774,-0.15341536377429302,0.0836820577173582,0.664626,2,3,Sentinel2,1614672189196,2021,2021-03-02 08:03:09.196,albadr,albadr,9,1,61,Spring
0.04872574769801596,-0.1381302147178326,0.07308194630390251,1.26589,2,3,Sentinel2,1614672203821,2021,2021-03-02 08:03:23.821,albadr,albadr,9,1,61,Spring
0.039507300189311076,-0.11969363836006469,0.059255628010098024,0.393126,7,3,Sentinel2,1615104188497,2021,2021-03-07 08:03:08.497,albadr,albadr,9,1,66,Spring
0.04062708645550108,-0.12172403772649237,0.060935126488494626,0.071635,7,3,Sentinel2,1615104203134,2021,2021-03-07 08:03:23.134,albadr,albadr,9,1,66,Spring
0.0459401492096773,-0.1409296831867602,0.06890377499480124,0.329143,12,3,Sentinel2,1615536188939,2021,2021-03-12 08:03:08.939,albadr,albadr,10,1,71,Spring
0.04556122972096626,-0.14029957893306638,0.06833544898013084,0.114121,12,3,Sentinel2,1615536203570,2021,2021-03-12 08:03:23.570,albadr,albadr,10,1,71,Spring
0.043509987903464054,-0.13540609803792092,0.0652589608292874,1.03657,17,3,Sentinel2,1615968188601,2021,2021-03-17 08:03:08.601,albadr,albadr,11,1,76,Spring
0.04360960405174101,-0.13535595918377624,0.06540838024076773,1.502759,17,3,Sentinel2,1615968203233,2021,2021-03-17 08:03:23.233,albadr,albadr,11,1,76,Spring
0.041595147139776814,-0.1325365073893715,0.06238709748767638,0.411275,22,3,Sentinel2,1616400188022,2021,2021-03-22 08:03:08.022,albadr,albadr,12,1,81,Spring
0.03929692397446642,-0.12756228084070106,0.05894013548394262,0.147636,22,3,Sentinel2,1616400202661,2021,2021-03-22 08:03:22.661,albadr,albadr,12,1,81,Spring
0.0480851012027359,-0.1415948168269099,0.07212115108306455,0.32326,27,3,Sentinel2,1616832188024,2021,2021-03-27 08:03:08.024,albadr,albadr,12,1,86,Spring
0.04787308555483202,-0.14062878691308667,0.07180316825720215,0.065763,27,3,Sentinel2,1616832202660,2021,2021-03-27 08:03:22.660,albadr,albadr,12,1,86,Spring
0.035489644809471144,-0.12981600933910808,0.05322965180715811,0.529947,1,4,Sentinel2,1617264186448,2021,2021-04-01 08:03:06.448,albadr,albadr,13,2,91,Spring
0.0345059399900818,-0.1290507676332965,0.051754223748072835,5.097343,1,4,Sentinel2,1617264201087,2021,2021-04-01 08:03:21.087,albadr,albadr,13,2,91,Spring
0.04075430719228185,-0.1209935134871258,0.06112631050358823,0.210717,6,4,Sentinel2,1617696186763,2021,2021-04-06 08:03:06.763,albadr,albadr,14,2,96,Spring
0.03825789048210425,-0.11526730867093193,0.057382060778559556,0.388128,6,4,Sentinel2,1617696201405,2021,2021-04-06 08:03:21.405,albadr,albadr,14,2,96,Spring
0.056594489470071306,-0.1471996836983055,0.0848847307260938,3.828808,11,4,Sentinel2,1618128184236,2021,2021-04-11 08:03:04.236,albadr,albadr,14,2,101,Spring
0.05596936276148297,-0.14724492280113646,0.08394714053523256,2.706651,11,4,Sentinel2,1618128198877,2021,2021-04-11 08:03:18.877,albadr,albadr,14,2,101,Spring
0.024042073625541716,-0.10243850216753504,0.036060071637748305,0.905313,16,4,Sentinel2,1618560184949,2021,2021-04-16 08:03:04.949,albadr,albadr,15,2,106,Spring
0.02396129663740553,-0.10302884821778754,0.035938921867976426,0.645341,16,4,Sentinel2,1618560199592,2021,2021-04-16 08:03:19.592,albadr,albadr,15,2,106,Spring
0.04523106123957103,-0.14055306282074448,0.06784053336533392,0.464503,21,4,Sentinel2,1618992184716,2021,2021-04-21 08:03:04.716,albadr,albadr,16,2,111,Spring
0.04514265311660035,-0.13994382130361022,0.06770793842887944,0.105589,21,4,Sentinel2,1618992199355,2021,2021-04-21 08:03:19.355,albadr,albadr,16,2,111,Spring
0.04710708772579327,-0.14130678629306756,0.07065428169610047,0.475804,26,4,Sentinel2,1619424184267,2021,2021-04-26 08:03:04.267,albadr,albadr,17,2,116,Spring
0.04700470208313162,-0.1407131210829607,0.07050071267236725,0.083083,26,4,Sentinel2,1619424198906,2021,2021-04-26 08:03:18.906,albadr,albadr,17,2,116,Spring
0.0467723521845751,-0.1348020016903743,0.07015262684436992,2.088716,1,5,Sentinel2,1619856187030,2021,2021-05-01 08:03:07.030,albadr,albadr,17,2,121,Spring
0.052913088886371605,-0.15003886890778623,0.07936271750790812,0.316071,1,5,Sentinel2,1619856201673,2021,2021-05-01 08:03:21.673,albadr,albadr,17,2,121,Spring
0.04524262429956631,-0.13579118008289476,0.06785810639315777,2.328691,6,5,Sentinel2,1620288186671,2021,2021-05-06 08:03:06.671,albadr,albadr,18,2,126,Spring
0.04796677738930604,-0.1429015023440831,0.07194387651426866,0.357061,6,5,Sentinel2,1620288201308,2021,2021-05-06 08:03:21.308,albadr,albadr,18,2,126,Spring
0.045312292078732934,-0.14376547324029346,0.06796061293292593,11.87776,1,1,Sentinel2,1641024185233,2022,2022-01-01 08:03:05.233,albadr,albadr,52,1,1,Winter
0.044443950622653355,-0.14180987891599436,0.0666582938229596,3.178812,1,1,Sentinel2,1641024199871,2022,2022-01-01 08:03:19.871,albadr,albadr,52,1,1,Winter
0.05499129590698579,-0.1624174137298159,0.08247760361880972,0.240643,6,1,Sentinel2,1641456190867,2022,2022-01-06 08:03:10.867,albadr,albadr,1,1,6,Winter
0.05058685780680341,-0.15119258621191825,0.07587195521661784,20.017075,6,1,Sentinel2,1641456205509,2022,2022-01-06 08:03:25.509,albadr,albadr,1,1,6,Winter
0.01159790842151739,-0.07560269208430997,0.01739374356339478,27.607952,11,1,Sentinel2,1641888199895,2022,2022-01-11 08:03:19.895,albadr,albadr,2,1,11,Winter
0.062412518250827005,-0.16720434347606689,0.0936080283019909,1.612451,16,1,Sentinel2,1642320189944,2022,2022-01-16 08:03:09.944,albadr,albadr,2,1,16,Winter
0.06490281972788536,-0.1732575546182072,0.0973427348578945,0.53896,16,1,Sentinel2,1642320204586,2022,2022-01-16 08:03:24.586,albadr,albadr,2,1,16,Winter
0.05782938340776892,-0.15724581473417773,0.08673466507539125,1.341973,21,1,Sentinel2,1642752184308,2022,2022-01-21 08:03:04.308,albadr,albadr,3,1,21,Winter
0.05579221691099799,-0.1519406889258598,0.08367934358221188,3.82523,21,1,Sentinel2,1642752198952,2022,2022-01-21 08:03:18.952,albadr,albadr,3,1,21,Winter
0.047102094230972905,-0.14949751002839604,0.07064540455962508,0.000136,26,1,Sentinel2,1643184189419,2022,2022-01-26 08:03:09.419,albadr,albadr,4,1,26,Winter
0.04681312117101523,-0.14828061015119995,0.07021201667573929,2.16347,26,1,Sentinel2,1643184204059,2022,2022-01-26 08:03:24.059,albadr,albadr,4,1,26,Winter
0.021604233528520332,-0.07744321704807877,0.032397341961458076,9.42203,31,1,Sentinel2,1643616183453,2022,2022-01-31 08:03:03.453,albadr,albadr,5,1,31,Winter
0.05754419661281697,-0.15447614281721317,0.08630752653057559,0.108122,5,2,Sentinel2,1644048189000,2022,2022-02-05 08:03:09.000,albadr,albadr,5,1,36,Winter
0.057659755071406395,-0.15420242796398764,0.08648083821930189,0.340575,5,2,Sentinel2,1644048203641,2022,2022-02-05 08:03:23.641,albadr,albadr,5,1,36,Winter
0.04866560149329316,-0.14618479821667488,0.07299081020182592,5.446281,10,2,Sentinel2,1644480183564,2022,2022-02-10 08:03:03.564,albadr,albadr,6,1,41,Winter
0.05257511012583275,-0.1555273909859986,0.0788543163382793,4.174483,10,2,Sentinel2,1644480198202,2022,2022-02-10 08:03:18.202,albadr,albadr,6,1,41,Winter
0.05971318297293946,-0.1646640233077735,0.08956037912053473,0.000251,15,2,Sentinel2,1644912189732,2022,2022-02-15 08:03:09.732,albadr,albadr,7,1,46,Winter
0.06161604839661967,-0.16799808993872864,0.09241443396354457,0.001826,15,2,Sentinel2,1644912204375,2022,2022-02-15 08:03:24.375,albadr,albadr,7,1,46,Winter
0.05378209731127306,-0.1486194345421671,0.08066546238681169,14.955868,20,2,Sentinel2,1645344198256,2022,2022-02-20 08:03:18.256,albadr,albadr,7,1,51,Winter
-0.0005469639771188265,-0.04909992577297665,-0.000818570395852311,6.044828,25,2,Sentinel2,1645776192042,2022,2022-02-25 08:03:12.042,albadr,albadr,8,1,56,Winter
0.009503902697387755,-0.07306007600409319,0.014251165908411696,36.431038,25,2,Sentinel2,1645776206674,2022,2022-02-25 08:03:26.674,albadr,albadr,8,1,56,Winter
0.04925796218795523,-0.14652548329007853,0.07387978362915207,0.000871,2,3,Sentinel2,1646208186094,2022,2022-03-02 08:03:06.094,albadr,albadr,9,1,61,Spring
0.04988729181732746,-0.1469592229728546,0.07482366655537265,0.003106,2,3,Sentinel2,1646208200732,2022,2022-03-02 08:03:20.732,albadr,albadr,9,1,61,Spring
0.04320298051656521,-0.14607324676885658,0.06479808167725529,1.440434,7,3,Sentinel2,1646640193281,2022,2022-03-07 08:03:13.281,albadr,albadr,10,1,66,Spring
0.04428061031041698,-0.14912628032672995,0.06641440380373892,24.055478,7,3,Sentinel2,1646640207905,2022,2022-03-07 08:03:27.905,albadr,albadr,10,1,66,Spring
0.05046835092802592,-0.15052015247202175,0.07569526312356972,11.424758,12,3,Sentinel2,1647072187344,2022,2022-03-12 08:03:07.344,albadr,albadr,10,1,71,Spring
0.04831157713173175,-0.14483466762485436,0.07246055504275013,0.014029,12,3,Sentinel2,1647072201982,2022,2022-03-12 08:03:21.982,albadr,albadr,10,1,71,Spring
0.06477504735132136,-0.1653775120403212,0.09715355179335262,0.198087,17,3,Sentinel2,1647504193098,2022,2022-03-17 08:03:13.098,albadr,albadr,11,1,76,Spring
0.06531463494095328,-0.16778000133788068,0.0979626795808594,0.674183,17,3,Sentinel2,1647504207731,2022,2022-03-17 08:03:27.731,albadr,albadr,11,1,76,Spring
0.06695515154454248,-0.17221013306174426,0.10042348320254765,0.005038,22,3,Sentinel2,1647936187118,2022,2022-03-22 08:03:07.118,albadr,albadr,12,1,81,Spring
0.06523030300360438,-0.16669251856710562,0.09783659099241804,0.00651,22,3,Sentinel2,1647936201750,2022,2022-03-22 08:03:21.750,albadr,albadr,12,1,81,Spring
0.06276922605595922,-0.17722624216716842,0.09414485482588943,0.000342,27,3,Sentinel2,1648368191942,2022,2022-03-27 08:03:11.942,albadr,albadr,12,1,86,Spring
0.06073406799368454,-0.17108563707608607,0.091092576896732,0.010179,27,3,Sentinel2,1648368206580,2022,2022-03-27 08:03:26.580,albadr,albadr,12,1,86,Spring
0.06294562415361846,-0.1625848145523489,0.09441004807847721,13.496172,1,4,Sentinel2,1648800185789,2022,2022-04-01 08:03:05.789,albadr,albadr,13,2,91,Spring
0.06147396378541887,-0.15946067133546127,0.09220282896903735,3.882696,1,4,Sentinel2,1648800200428,2022,2022-04-01 08:03:20.428,albadr,albadr,13,2,91,Spring
0.05961084128249662,-0.1638077255375375,0.0894080927614891,0.000255,6,4,Sentinel2,1649232190296,2022,2022-04-06 08:03:10.296,albadr,albadr,14,2,96,Spring
0.06020756742584835,-0.16509396734626078,0.09030300671552297,0.449162,6,4,Sentinel2,1649232204933,2022,2022-04-06 08:03:24.933,albadr,albadr,14,2,96,Spring
0.0580909985319664,-0.16124771312427832,0.08712857580077397,0.000421,11,4,Sentinel2,1649664185973,2022,2022-04-11 08:03:05.973,albadr,albadr,15,2,101,Spring
0.05796572034863547,-0.16140276647452595,0.08694066105603175,0.005852,11,4,Sentinel2,1649664200610,2022,2022-04-11 08:03:20.610,albadr,albadr,15,2,101,Spring
0.057270236699472336,-0.15299943766040996,0.08589799031853809,0.003532,16,4,Sentinel2,1650096192781,2022,2022-04-16 08:03:12.781,albadr,albadr,15,2,106,Spring
0.05714972101187233,-0.15320143199523614,0.08571722689712305,0.014996,16,4,Sentinel2,1650096207412,2022,2022-04-16 08:03:27.412,albadr,albadr,15,2,106,Spring
0.03291229591528433,-0.11647440414493543,0.049364463974802125,0.008829,21,4,Sentinel2,1650528184305,2022,2022-04-21 08:03:04.305,albadr,albadr,16,2,111,Spring
0.032575931990099574,-0.11449001732079135,0.048859929554372454,0.012378,21,4,Sentinel2,1650528198945,2022,2022-04-21 08:03:18.945,albadr,albadr,16,2,111,Spring
0.04818921438353083,-0.1439102465128619,0.07227760698534783,0.000326,26,4,Sentinel2,1650960194392,2022,2022-04-26 08:03:14.392,albadr,albadr,17,2,116,Spring
0.04920749784009633,-0.14538404874172975,0.07380486379843565,0.009277,26,4,Sentinel2,1650960209028,2022,2022-04-26 08:03:29.028,albadr,albadr,17,2,116,Spring
0.05164148595508506,-0.1471332729576008,0.07745529013381175,0.000395,1,5,Sentinel2,1651392183206,2022,2022-05-01 08:03:03.206,albadr,albadr,17,2,121,Spring
0.05259811173142881,-0.1489632180818291,0.07889000066769641,0.003931,1,5,Sentinel2,1651392197847,2022,2022-05-01 08:03:17.847,albadr,albadr,17,2,121,Spring
0.065635664576522,-0.16453302583487944,0.09844525409633875,4.90813,6,5,Sentinel2,1651824193882,2022,2022-05-06 08:03:13.882,albadr,albadr,18,2,126,Spring
0.059448722777270854,-0.14953541157584804,0.08916587870363797,4.224121,6,5,Sentinel2,1651824208522,2022,2022-05-06 08:03:28.522,albadr,albadr,18,2,126,Spring
0.4005563749062815,-0.436061547899404,0.6007762095345435,0.006717,11,5,,1652256187006,2022,2022-05-11 08:03:07.006,albadr,albadr,19,2,131,Spring
0.05586938281956763,-0.15348520433131882,0.08379683308010598,0.011431,11,5,Sentinel2,1652256201641,2022,2022-05-11 08:03:21.641,albadr,albadr,19,2,131,Spring
0.4014216202479055,-0.4564421915830037,0.6020733366228227,0.000363,16,5,,1652688194180,2022,2022-05-16 08:03:14.180,albadr,albadr,20,2,136,Spring
0.3923505955393537,-0.4567206742342098,0.5884694685304684,0.334174,21,5,,1653120189304,2022,2022-05-21 08:03:09.304,albadr,albadr,20,2,141,Spring
0.3706387620598317,-0.4146386517251207,0.5559042667479234,0.001676,26,5,,1653552196683,2022,2022-05-26 08:03:16.683,albadr,albadr,21,2,146,Spring
0.3901959365020772,-0.4318754621234216,0.585238488283606,0.894962,31,5,,1653984189172,2022,2022-05-31 08:03:09.172,albadr,albadr,22,2,151,Spring
0.4211553125842561,-0.466229686442407,0.6316717099366733,0.000474,5,6,,1654416197189,2022,2022-06-05 08:03:17.189,albadr,albadr,22,2,156,Summer
0.4633396282657094,-0.5076276058942942,0.6949403327875019,0.002486,10,6,,1654848191567,2022,2022-06-10 08:03:11.567,albadr,albadr,23,2,161,Summer
0.3957324024717548,-0.4355710132902465,0.5935400168313659,0.0055,15,6,,1655280200063,2022,2022-06-15 08:03:20.063,albadr,albadr,24,2,166,Summer
0.4735509949031058,-0.533939763663531,0.7102548982486603,0.006298,20,6,,1655712193760,2022,2022-06-20 08:03:13.760,albadr,albadr,25,2,171,Summer
0.3815353379561711,-0.4367219391816565,0.5722471723606566,15.952724,25,6,,1656144201840,2022,2022-06-25 08:03:21.840,albadr,albadr,25,2,176,Summer
0.3773182884151567,-0.4147790163351947,0.5659218799184224,0.008257,30,6,,1656576194445,2022,2022-06-30 08:03:14.445,albadr,albadr,26,2,181,Summer
0.4059577048452622,-0.4422738834595675,0.6088757623366176,0.005397,5,7,,1657008202392,2022,2022-07-05 08:03:22.392,albadr,albadr,27,3,186,Summer
0.3969284862713179,-0.4357681904564474,0.5953329557148626,1.913746,15,7,,1657872201770,2022,2022-07-15 08:03:21.770,albadr,albadr,28,3,196,Summer
0.3937521300765465,-0.4353456179840824,0.5905684639405562,0.003307,20,7,,1658304194225,2022,2022-07-20 08:03:14.225,albadr,albadr,29,3,201,Summer
0.3938451181360451,-0.4378185410762669,0.5907079570156466,0.408824,25,7,,1658736199608,2022,2022-07-25 08:03:19.608,albadr,albadr,30,3,206,Summer
0.5480243807260332,-0.6147404762514735,0.8219430476148395,8.698084,4,8,,1659600200172,2022,2022-08-04 08:03:20.172,albadr,albadr,31,3,216,Summer
0.5899354308912105,-0.6815054049196778,0.8848030671830249,0.138626,9,8,,1660032193228,2022,2022-08-09 08:03:13.228,albadr,albadr,32,3,221,Summer
0.4383059496787177,-0.4929430967227531,0.6573871527195647,0.611115,14,8,,1660464201677,2022,2022-08-14 08:03:21.677,albadr,albadr,32,3,226,Summer
0.4175561276158031,-0.4663731304178975,0.626267937945554,0.031664,19,8,,1660896191131,2022,2022-08-19 08:03:11.131,albadr,albadr,33,3,231,Summer
0.4893137290693012,-0.5387000032885683,0.7338908414167281,0.002123,24,8,,1661328201953,2022,2022-08-24 08:03:21.953,albadr,albadr,34,3,236,Summer
0.5247850954443609,-0.5783092106613074,0.7870951294953762,16.751042,29,8,,1661760189912,2022,2022-08-29 08:03:09.912,albadr,albadr,35,3,241,Summer
0.5537735501351592,-0.6204827082561816,0.8305651292035754,0.007595,3,9,,1662192201297,2022,2022-09-03 08:03:21.297,albadr,albadr,35,3,246,Fall
0.4577345633999254,-0.4986681076023997,0.6865255670906617,0.000519,8,9,,1662624191189,2022,2022-09-08 08:03:11.189,albadr,albadr,36,3,251,Fall
0.381342251121168,-0.4245072447981357,0.5719548213838124,7.027938,13,9,,1663056199412,2022,2022-09-13 08:03:19.412,albadr,albadr,37,3,256,Fall
0.4386033640961054,-0.4767369656987975,0.657830923318515,0.000178,18,9,,1663488190992,2022,2022-09-18 08:03:10.992,albadr,albadr,37,3,261,Fall
0.4469257606318771,-0.4912690361975768,0.6703104138791437,0.00052,23,9,,1663920196270,2022,2022-09-23 08:03:16.270,albadr,albadr,38,3,266,Fall
0.4387391316523871,-0.4778800046509086,0.6580328447658607,0.097678,28,9,,1664352189316,2022,2022-09-28 08:03:09.316,albadr,albadr,39,3,271,Fall
0.4448246492785736,-0.4887384783143067,0.6671559305125748,0.000809,3,10,,1664784196447,2022,2022-10-03 08:03:16.447,albadr,albadr,40,4,276,Fall
0.4393595820759909,-0.4854489141130154,0.6589611133893378,0.000209,8,10,,1665216187002,2022,2022-10-08 08:03:07.002,albadr,albadr,40,4,281,Fall
0.4967335594228593,-0.5436738793525687,0.7450061860759679,0.000463,13,10,,1665648194205,2022,2022-10-13 08:03:14.205,albadr,albadr,41,4,286,Fall
0.4342828967242452,-0.4771856965621786,0.6513447376383066,0.001377,18,10,,1666080188686,2022,2022-10-18 08:03:08.686,albadr,albadr,42,4,291,Fall
0.4956964452013052,-0.5445683700897554,0.74344906417901,0.00021,23,10,,1666512191573,2022,2022-10-23 08:03:11.573,albadr,albadr,42,4,296,Fall
0.5200297642355872,-0.5665688337582738,0.7799394788290881,0.000799,28,10,,1666944188258,2022,2022-10-28 08:03:08.258,albadr,albadr,43,4,301,Fall
0.4687446397665534,-0.5083830258225632,0.703024106830161,19.446625,2,11,,1667376193378,2022,2022-11-02 08:03:13.378,albadr,albadr,44,4,306,Fall
0.5309106214123581,-0.5531634428254102,0.7962525817752011,5.201644,12,11,,1668240192565,2022,2022-11-12 08:03:12.565,albadr,albadr,45,4,316,Fall
0.531135423156855,-0.577305684314129,0.7965972111614762,0.000821,22,11,,1669104189410,2022,2022-11-22 08:03:09.410,albadr,albadr,47,4,326,Fall
0.556257748836002,-0.5834301131397355,0.8342691123568267,3.942541,27,11,,1669536188364,2022,2022-11-27 08:03:08.364,albadr,albadr,47,4,331,Fall
0.6340072972437151,-0.6814765871853912,0.9508672966579952,0.71557,2,12,,1669968189607,2022,2022-12-02 08:03:09.607,albadr,albadr,48,4,336,Winter
0.4583539392287943,-0.4709755718674178,0.6874386653605487,1.577414,7,12,,1670400185922,2022,2022-12-07 08:03:05.922,albadr,albadr,49,4,341,Winter
0.453768003466129,-0.4845818193350422,0.6805625148463001,0.288676,12,12,,1670832189527,2022,2022-12-12 08:03:09.527,albadr,albadr,50,4,346,Winter
0.5581551641520128,-0.584225081057414,0.8371149981875542,0.000462,17,12,,1671264187830,2022,2022-12-17 08:03:07.830,albadr,albadr,50,4,351,Winter
-0.0027298018129183702,0.014285191993853927,-0.00409455642227919,33.631483,6,1,Sentinel2,1672992186991,2023,2023-01-06 08:03:06.991,albadr,albadr,1,1,6,Winter
0.0500854903637867,-0.13146009323618466,0.0751207031471685,13.559896,11,1,Sentinel2,1673424187364,2023,2023-01-11 08:03:07.364,albadr,albadr,2,1,11,Winter
0.0461186959438856,-0.13417298843188288,0.06917099792898841,38.851932,11,1,Sentinel2,1673424201999,2023,2023-01-11 08:03:21.999,albadr,albadr,2,1,11,Winter
0.04290451870954133,-0.1300493873622885,0.06434970799968594,33.97361,16,1,Sentinel2,1673856186019,2023,2023-01-16 08:03:06.019,albadr,albadr,3,1,16,Winter
0.04738391201351032,-0.15021444205273127,0.07106784237264929,3.583759,21,1,Sentinel2,1674288184683,2023,2023-01-21 08:03:04.683,albadr,albadr,3,1,21,Winter
0.04479860439517746,-0.14091929115028293,0.06719047509930914,6.03875,21,1,Sentinel2,1674288199316,2023,2023-01-21 08:03:19.316,albadr,albadr,3,1,21,Winter
0.06323412174366178,-0.1582868868353169,0.09484106943640647,0.23856,5,2,Sentinel2,1675584186846,2023,2023-02-05 08:03:06.846,albadr,albadr,5,1,36,Winter
0.06213969004001167,-0.15506534352512896,0.09319966691439481,0.561683,5,2,Sentinel2,1675584201487,2023,2023-02-05 08:03:21.487,albadr,albadr,5,1,36,Winter
0.06060552599704958,-0.16337216520272152,0.09089846195489672,25.681138,10,2,Sentinel2,1676016187939,2023,2023-02-10 08:03:07.939,albadr,albadr,6,1,41,Winter
0.0586326541190944,-0.15740774429739993,0.08793958475576662,0.006726,10,2,Sentinel2,1676016202579,2023,2023-02-10 08:03:22.579,albadr,albadr,6,1,41,Winter
0.059339072187633145,-0.14751833241744713,0.08899980244555594,19.09931,15,2,Sentinel2,1676448187534,2023,2023-02-15 08:03:07.534,albadr,albadr,7,1,46,Winter
0.058543334940507785,-0.15795002179660367,0.08780628731944352,8.169296,20,2,Sentinel2,1676880186547,2023,2023-02-20 08:03:06.547,albadr,albadr,8,1,51,Winter
0.05699510391708645,-0.15391168145215997,0.08548423181789726,2.239005,20,2,Sentinel2,1676880201189,2023,2023-02-20 08:03:21.189,albadr,albadr,8,1,51,Winter
0.0602384055404535,-0.15395475611874418,0.09034863977184313,0.000837,25,2,Sentinel2,1677312189813,2023,2023-02-25 08:03:09.813,albadr,albadr,8,1,56,Winter
0.060276369988681945,-0.1542733432902417,0.09040557180449814,0.00372,25,2,Sentinel2,1677312204448,2023,2023-02-25 08:03:24.448,albadr,albadr,8,1,56,Winter
0.05548981785194463,-0.16539156131070934,0.08322547933156796,0.886061,2,3,Sentinel2,1677744186440,2023,2023-03-02 08:03:06.440,albadr,albadr,9,1,61,Spring
0.0526234304134591,-0.1558728237620095,0.07892666406503553,1.549217,2,3,Sentinel2,1677744201074,2023,2023-03-02 08:03:21.074,albadr,albadr,9,1,61,Spring
0.04893895636275739,-0.14964172424753802,0.07340067465867864,5.314947,7,3,Sentinel2,1678176192656,2023,2023-03-07 08:03:12.656,albadr,albadr,10,1,66,Spring
0.05058625653364209,-0.15018967434665292,0.07587136794433152,34.217057,7,3,Sentinel2,1678176207291,2023,2023-03-07 08:03:27.291,albadr,albadr,10,1,66,Spring
0.06710949021853252,-0.16001837837984104,0.10065446039599671,0.17443,17,3,Sentinel2,1679040193227,2023,2023-03-17 08:03:13.227,albadr,albadr,11,1,76,Spring
0.06680886321849534,-0.15904748592766424,0.10020357485251534,13.715066,17,3,Sentinel2,1679040207857,2023,2023-03-17 08:03:27.857,albadr,albadr,11,1,76,Spring
0.061691964552831435,-0.15717197286826634,0.09252875785317259,0.003138,22,3,Sentinel2,1679472187858,2023,2023-03-22 08:03:07.858,albadr,albadr,12,1,81,Spring
0.06162867128335476,-0.15652446585554133,0.09243384014036952,0.004962,22,3,Sentinel2,1679472202494,2023,2023-03-22 08:03:22.494,albadr,albadr,12,1,81,Spring
0.05385708678633842,-0.1435349842593048,0.08077783917791104,1.131095,27,3,Sentinel2,1679904192309,2023,2023-03-27 08:03:12.309,albadr,albadr,13,1,86,Spring
0.05306776144362504,-0.14110458567541032,0.07959404205228661,1.130231,27,3,Sentinel2,1679904206940,2023,2023-03-27 08:03:26.940,albadr,albadr,13,1,86,Spring
0.05836262745210536,-0.1524340671488539,0.08753558101298542,0.040304,1,4,Sentinel2,1680336188030,2023,2023-04-01 08:03:08.030,albadr,albadr,13,2,91,Spring
0.058360711866985965,-0.15370423967303135,0.08753259375114632,0.293888,1,4,Sentinel2,1680336202662,2023,2023-04-01 08:03:22.662,albadr,albadr,13,2,91,Spring
0.042784559535753636,-0.09857830637143773,0.06417096667675669,15.680379,6,4,Sentinel2,1680768192178,2023,2023-04-06 08:03:12.178,albadr,albadr,14,2,96,Spring
0.03659965837434401,-0.1322942018026394,0.05489374343785773,0.571296,11,4,Sentinel2,1681200189467,2023,2023-04-11 08:03:09.467,albadr,albadr,15,2,101,Spring
0.03568177721890348,-0.12916938241541934,0.05351714312682401,0.660652,11,4,Sentinel2,1681200204093,2023,2023-04-11 08:03:24.093,albadr,albadr,15,2,101,Spring
0.04866252126830184,-0.14338352498253654,0.07298677513039323,1.124493,21,4,Sentinel2,1682064187865,2023,2023-04-21 08:03:07.865,albadr,albadr,16,2,111,Spring
0.04819654369598014,-0.14230093403064975,0.07228790768389393,5.73466,21,4,Sentinel2,1682064202494,2023,2023-04-21 08:03:22.494,albadr,albadr,16,2,111,Spring
0.04644295991556656,-0.1347239698677143,0.06965797123277494,0.002236,26,4,Sentinel2,1682496191034,2023,2023-04-26 08:03:11.034,albadr,albadr,17,2,116,Spring
0.04746181173790664,-0.13974057681481095,0.07118597777073574,0.007128,26,4,Sentinel2,1682496205665,2023,2023-04-26 08:03:25.665,albadr,albadr,17,2,116,Spring
0.05704238272293775,-0.1513879124795747,0.08555587707851836,0.016383,1,5,Sentinel2,1682928189673,2023,2023-05-01 08:03:09.673,albadr,albadr,18,2,121,Spring
0.056884432237976006,-0.15045298909741758,0.08531903562317361,0.367998,1,5,Sentinel2,1682928204301,2023,2023-05-01 08:03:24.301,albadr,albadr,18,2,121,Spring
0.05751687311423216,-0.1504781783545313,0.08626769830441217,0.019352,6,5,Sentinel2,1683360191937,2023,2023-05-06 08:03:11.937,albadr,albadr,18,2,126,Spring
0.057379692174436246,-0.14935688070153294,0.0860619717240112,3.799275,6,5,Sentinel2,1683360206568,2023,2023-05-06 08:03:26.568,albadr,albadr,18,2,126,Spring
0.0579562790020049,-0.15275658905251252,0.08692687909696707,0.677826,11,5,Sentinel2,1683792188447,2023,2023-05-11 08:03:08.447,albadr,albadr,19,2,131,Spring
0.05792068169850857,-0.15306718161853175,0.0868734705530698,0.626194,11,5,Sentinel2,1683792203079,2023,2023-05-11 08:03:23.079,albadr,albadr,19,2,131,Spring
0.047549588814465915,-0.13783783199184607,0.07131833139606072,29.299346,16,5,Sentinel2,1684224193552,2023,2023-05-16 08:03:13.552,albadr,albadr,20,2,136,Spring
0.048330656564749455,-0.13884275254374429,0.07248974012650494,32.704297,16,5,Sentinel2,1684224208183,2023,2023-05-16 08:03:28.183,albadr,albadr,20,2,136,Spring
0.0577444959102821,-0.1530040732504062,0.08660928048948059,0.030686,21,5,Sentinel2,1684656191989,2023,2023-05-21 08:03:11.989,albadr,albadr,20,2,141,Spring
0.05815180419497051,-0.15311986303626973,0.08722019754176817,0.062155,21,5,Sentinel2,1684656206617,2023,2023-05-21 08:03:26.617,albadr,albadr,20,2,141,Spring
0.043688452716500445,-0.13552861005993425,0.0655267798550146,0.016599,26,5,Sentinel2,1685088194015,2023,2023-05-26 08:03:14.015,albadr,albadr,21,2,146,Spring
0.0443793889135442,-0.1358486344820279,0.0665630805912559,9.398787,26,5,Sentinel2,1685088208645,2023,2023-05-26 08:03:28.645,albadr,albadr,21,2,146,Spring
0.038239441996893546,-0.13081252862517187,0.05735376174336635,0.003199,31,5,Sentinel2,1685520193179,2023,2023-05-31 08:03:13.179,albadr,albadr,22,2,151,Spring
0.03887406869265847,-0.13197918371250023,0.05830556142588167,0.018369,31,5,Sentinel2,1685520207809,2023,2023-05-31 08:03:27.809,albadr,albadr,22,2,151,Spring
0.0324511901555948,-0.12280445477773674,0.04867227694587028,30.214667,5,6,Sentinel2,1685952208382,2023,2023-06-05 08:03:28.382,albadr,albadr,23,2,156,Summer
0.417193834026052,-0.4526703171404649,0.6257250996807403,0.010005,10,6,,1686384193191,2023,2023-06-10 08:03:13.191,albadr,albadr,23,2,161,Summer
0.03717354871414357,-0.13111710239629726,0.05575508795298567,0.019258,10,6,Sentinel2,1686384207815,2023,2023-06-10 08:03:27.815,albadr,albadr,23,2,161,Summer
0.3360697030153952,-0.369691879923206,0.5040526236887576,0.005106,15,6,,1686816194274,2023,2023-06-15 08:03:14.274,albadr,albadr,24,2,166,Summer
0.4272141568355425,-0.454670757083947,0.6407556594989383,0.00311,20,6,,1687248193253,2023,2023-06-20 08:03:13.253,albadr,albadr,25,2,171,Summer
0.4081448025513856,-0.4386114223688551,0.6121549127471068,0.000674,25,6,,1687680193721,2023,2023-06-25 08:03:13.721,albadr,albadr,25,2,176,Summer
0.4144204126464107,-0.4410101422330962,0.6215664696806481,0.00193,30,6,,1688112193695,2023,2023-06-30 08:03:13.695,albadr,albadr,26,2,181,Summer
0.4317520763350236,-0.4550754236399986,0.6475615728854444,0.002758,5,7,,1688544194706,2023,2023-07-05 08:03:14.706,albadr,albadr,27,3,186,Summer
0.3969018441996904,-0.4251317434249307,0.595291523934738,0.006046,10,7,,1688976194572,2023,2023-07-10 08:03:14.572,albadr,albadr,28,3,191,Summer
0.4398609857633084,-0.4725254481850082,0.6597238309555562,0.066049,15,7,,1689408194338,2023,2023-07-15 08:03:14.338,albadr,albadr,28,3,196,Summer
0.41398690531717,-0.4486600994067468,0.6209159703559846,0.002855,20,7,,1689840193234,2023,2023-07-20 08:03:13.234,albadr,albadr,29,3,201,Summer
0.3965314757368456,-0.4246807769013407,0.5947360395887824,2.564633,25,7,,1690272195284,2023,2023-07-25 08:03:15.284,albadr,albadr,30,3,206,Summer
0.4298948616929792,-0.4651569483097051,0.6447733113979476,0.61512,30,7,,1690704194615,2023,2023-07-30 08:03:14.615,albadr,albadr,30,3,211,Summer
0.4134676830835928,-0.4429879489546531,0.6201375799034857,0.003859,4,8,,1691136193970,2023,2023-08-04 08:03:13.970,albadr,albadr,31,3,216,Summer
0.1312291715505088,-0.1138110089635981,0.1968271317029016,20.214637,14,8,,1692000194908,2023,2023-08-14 08:03:14.908,albadr,albadr,33,3,226,Summer
0.426684594823884,-0.4666904272704534,0.6399572182969908,0.001762,19,8,,1692432195391,2023,2023-08-19 08:03:15.391,albadr,albadr,33,3,231,Summer
0.3559642439002609,-0.3921302539742008,0.5338886887632619,1.946899,24,8,,1692864193373,2023,2023-08-24 08:03:13.373,albadr,albadr,34,3,236,Summer
0.4124327278729136,-0.4497172407207832,0.6185820888809398,0.005213,29,8,,1693296194879,2023,2023-08-29 08:03:14.879,albadr,albadr,35,3,241,Summer
0.3811214186187421,-0.4158334937020012,0.5716171029707322,1.956672,3,9,,1693728194063,2023,2023-09-03 08:03:14.063,albadr,albadr,35,3,246,Fall
0.4595341731979797,-0.5059421381051314,0.6892223192549531,12.3092,8,9,,1694160194537,2023,2023-09-08 08:03:14.537,albadr,albadr,36,3,251,Fall
0.4312364427195745,-0.4824186096532883,0.6467781240892009,0.110812,18,9,,1695024192325,2023,2023-09-18 08:03:12.325,albadr,albadr,38,3,261,Fall
0.3086645736219713,-0.3446858456927067,0.462948856029163,28.426367,23,9,,1695456192861,2023,2023-09-23 08:03:12.861,albadr,albadr,38,3,266,Fall
0.4756849437868917,-0.531266504544019,0.7134377853325302,0.000896,28,9,,1695888191603,2023,2023-09-28 08:03:11.603,albadr,albadr,39,3,271,Fall
0.4733131225607739,-0.5126758903387668,0.7098786684437315,0.048048,3,10,,1696320190228,2023,2023-10-03 08:03:10.228,albadr,albadr,40,4,276,Fall
0.4894509556767006,-0.5449933945251514,0.7340797408579027,0.000789,8,10,,1696752189318,2023,2023-10-08 08:03:09.318,albadr,albadr,40,4,281,Fall
0.4346288841556486,-0.4719555630088381,0.6518603258671575,0.001023,13,10,,1697184191465,2023,2023-10-13 08:03:11.465,albadr,albadr,41,4,286,Fall
0.4315473547029455,-0.4709843565435009,0.6472351260358584,0.246904,18,10,,1697616188780,2023,2023-10-18 08:03:08.780,albadr,albadr,42,4,291,Fall
0.538552892422352,-0.5948151529702622,0.8077185196092155,0.030436,23,10,,1698048190679,2023,2023-10-23 08:03:10.679,albadr,albadr,43,4,296,Fall
0.1120814775221426,-0.1033158257615029,0.1681071989970545,13.737844,2,11,,1698912191928,2023,2023-11-02 08:03:11.928,albadr,albadr,44,4,306,Fall
0.5003348491270663,-0.5204688499980682,0.750404522993085,27.810347,12,11,,1699776190319,2023,2023-11-12 08:03:10.319,albadr,albadr,45,4,316,Fall
0.4896206818927506,-0.5024114663966363,0.7343256900849252,0.001592,17,11,,1700208187330,2023,2023-11-17 08:03:07.330,albadr,albadr,46,4,321,Fall
0.4943588858792335,-0.5337254796031579,0.7414415409051892,0.329661,22,11,,1700640185008,2023,2023-11-22 08:03:05.008,albadr,albadr,47,4,326,Fall
0.4828718109677594,-0.5009109647150365,0.7242015844187037,9.9e-05,27,11,,1701072182476,2023,2023-11-27 08:03:02.476,albadr,albadr,48,4,331,Fall
0.5618839814281498,-0.5893196918452522,0.8427025992975082,0.000317,2,12,,1701504186423,2023,2023-12-02 08:03:06.423,albadr,albadr,48,4,336,Winter
0.4991451778575045,-0.5227350071203432,0.7486078888946585,0.958114,7,12,,1701936183285,2023,2023-12-07 08:03:03.285,albadr,albadr,49,4,341,Winter
0.053983128320233366,-0.14516243958019134,0.08096523305877384,0.00316,1,1,Sentinel2,1704096190166,2024,2024-01-01 08:03:10.166,albadr,albadr,1,1,1,Winter
0.05314075353914474,-0.1434725987086863,0.07970184537690805,0.066035,1,1,Sentinel2,1704096204798,2024,2024-01-01 08:03:24.798,albadr,albadr,1,1,1,Winter
0.06075926065779977,-0.16916594775256358,0.09112790213148517,0.341529,6,1,Sentinel2,1704528185476,2024,2024-01-06 08:03:05.476,albadr,albadr,1,1,6,Winter
0.0583166258322965,-0.15854379221287346,0.08746482603682416,0.661095,6,1,Sentinel2,1704528200114,2024,2024-01-06 08:03:20.114,albadr,albadr,1,1,6,Winter
0.05148044185710537,-0.1448452979007528,0.077212368643615,16.304047,11,1,Sentinel2,1704960187095,2024,2024-01-11 08:03:07.095,albadr,albadr,2,1,11,Winter
0.0517128451793589,-0.1451549571660269,0.07756091235717348,5.86142,11,1,Sentinel2,1704960201735,2024,2024-01-11 08:03:21.735,albadr,albadr,2,1,11,Winter
0.054352105609221255,-0.1412037336564836,0.08151948465801998,22.568642,16,1,Sentinel2,1705392181628,2024,2024-01-16 08:03:01.628,albadr,albadr,3,1,16,Winter
0.052866721968564366,-0.1379965051584069,0.07929166927702874,13.103075,16,1,Sentinel2,1705392196271,2024,2024-01-16 08:03:16.271,albadr,albadr,3,1,16,Winter
0.06533598878086144,-0.1837759313059869,0.09799136198810193,37.997392,19,1,Sentinel2,1705651975837,2024,2024-01-19 08:12:55.837,albadr,albadr,3,1,19,Winter
0.06042796500279864,-0.1709410625399238,0.09063060223502419,0.057025,19,1,Sentinel2,1705651990484,2024,2024-01-19 08:13:10.484,albadr,albadr,3,1,19,Winter
0.0671087824644983,-0.18459781266636843,0.10065112718011242,0.000511,21,1,Sentinel2,1705824188614,2024,2024-01-21 08:03:08.614,albadr,albadr,3,1,21,Winter
0.06020881351114197,-0.1640501963252651,0.09030298950935715,0.002859,21,1,Sentinel2,1705824203258,2024,2024-01-21 08:03:23.258,albadr,albadr,3,1,21,Winter
0.04620911117918077,-0.11631306068840522,0.06930599620895282,32.692981,26,1,Sentinel2,1706256183629,2024,2024-01-26 08:03:03.629,albadr,albadr,4,1,26,Winter
0.06983569288640205,-0.16546234031017895,0.10474251211093953,0.015854,31,1,Sentinel2,1706688186519,2024,2024-01-31 08:03:06.519,albadr,albadr,5,1,31,Winter
0.06940869761698376,-0.16270043986263377,0.10410212648297323,0.523639,31,1,Sentinel2,1706688201160,2024,2024-01-31 08:03:21.160,albadr,albadr,5,1,31,Winter
0.058016912205289234,-0.15146407396109887,0.0870165851576177,4.51904,10,2,Sentinel2,1707552189738,2024,2024-02-10 08:03:09.738,albadr,albadr,6,1,41,Winter
0.045828241522652115,-0.14119251678219183,0.06873513146488072,34.274888,15,2,Sentinel2,1707984187058,2024,2024-02-15 08:03:07.058,albadr,albadr,7,1,46,Winter
0.06775462974867104,-0.16381131011107128,0.10162173531467995,0.000448,20,2,Sentinel2,1708416190089,2024,2024-02-20 08:03:10.089,albadr,albadr,8,1,51,Winter
0.06739593056959932,-0.16264473001943353,0.1010837804214079,0.003401,20,2,Sentinel2,1708416204723,2024,2024-02-20 08:03:24.723,albadr,albadr,8,1,51,Winter
0.03704841473074333,-0.08370919729240714,0.055568846810468364,27.161184,25,2,Sentinel2,1708848188068,2024,2024-02-25 08:03:08.068,albadr,albadr,8,1,56,Winter
0.034309938872113185,-0.08058722646485339,0.051461490294822776,4.51031,25,2,Sentinel2,1708848202704,2024,2024-02-25 08:03:22.704,albadr,albadr,8,1,56,Winter
0.0851526148888205,-0.21393808174464723,0.12771297042938062,0.000209,1,3,Sentinel2,1709280186935,2024,2024-03-01 08:03:06.935,albadr,albadr,9,1,61,Spring
0.0860656999323919,-0.21646190039619298,0.12908214691864406,0.00312,1,3,Sentinel2,1709280201576,2024,2024-03-01 08:03:21.576,albadr,albadr,9,1,61,Spring
0.055238922852492364,-0.1543490269647023,0.0828500305200756,0.004631,6,3,Sentinel2,1709712189878,2024,2024-03-06 08:03:09.878,albadr,albadr,10,1,66,Spring
0.054762788593768826,-0.15106778901248613,0.08213603557442907,24.276413,6,3,Sentinel2,1709712204499,2024,2024-03-06 08:03:24.499,albadr,albadr,10,1,66,Spring
0.05456088466873607,-0.14678637247253626,0.08183368254652616,0.14719,11,3,Sentinel2,1710144185499,2024,2024-03-11 08:03:05.499,albadr,albadr,11,1,71,Spring
0.05742096333027973,-0.15492884847626745,0.08612329520437141,4.292217,11,3,Sentinel2,1710144200144,2024,2024-03-11 08:03:20.144,albadr,albadr,11,1,71,Spring
0.0603970293089599,-0.1574170720193787,0.09058669532516532,0.003744,26,3,Sentinel2,1711440190090,2024,2024-03-26 08:03:10.090,albadr,albadr,13,1,86,Spring
0.05992298704107244,-0.15575402851078637,0.08987578764794643,0.04255,26,3,Sentinel2,1711440204723,2024,2024-03-26 08:03:24.723,albadr,albadr,13,1,86,Spring
0.043908187511305624,-0.13958181848910012,0.06585534553720977,6.043088,31,3,Sentinel2,1711872188629,2024,2024-03-31 08:03:08.629,albadr,albadr,13,1,91,Spring
0.04486139729984027,-0.1398488811583939,0.06728517987295857,1.876263,31,3,Sentinel2,1711872203264,2024,2024-03-31 08:03:23.264,albadr,albadr,13,1,91,Spring
0.04023015256953552,-0.11777079587163901,0.060336598298703324,15.128572,5,4,Sentinel2,1712304186722,2024,2024-04-05 08:03:06.722,albadr,albadr,14,2,96,Spring
0.03928564965249605,-0.12136764816509012,0.05891996872740124,19.73781,5,4,Sentinel2,1712304201363,2024,2024-04-05 08:03:21.363,albadr,albadr,14,2,96,Spring
0.05207653455193196,-0.12286256926616121,0.07810804787809893,27.015412,10,4,Sentinel2,1712736189166,2024,2024-04-10 08:03:09.166,albadr,albadr,15,2,101,Spring
0.05203757262718754,-0.12563029461571068,0.07804959872699661,4.452371,10,4,Sentinel2,1712736203800,2024,2024-04-10 08:03:23.800,albadr,albadr,15,2,101,Spring
0.053980304949097384,-0.14972390773516023,0.08096266938822709,0.026663,15,4,Sentinel2,1713168191810,2024,2024-04-15 08:03:11.810,albadr,albadr,16,2,106,Spring
0.053216876021628674,-0.14801218980532085,0.07981773297293605,0.032227,15,4,Sentinel2,1713168206436,2024,2024-04-15 08:03:26.436,albadr,albadr,16,2,106,Spring
0.05609189858507528,-0.14459770876897626,0.08413033468806917,0.007207,20,4,Sentinel2,1713600190035,2024,2024-04-20 08:03:10.035,albadr,albadr,16,2,111,Spring
0.056169671898754416,-0.1446722218080404,0.08424697583665211,0.008728,20,4,Sentinel2,1713600204663,2024,2024-04-20 08:03:24.663,albadr,albadr,16,2,111,Spring
0.06159507642829519,-0.16935062590667857,0.09238315647357728,10.034822,25,4,Sentinel2,1714032191445,2024,2024-04-25 08:03:11.445,albadr,albadr,17,2,116,Spring
0.06989414723622461,-0.19558148495041572,0.10482845857314059,0.008111,25,4,Sentinel2,1714032206073,2024,2024-04-25 08:03:26.073,albadr,albadr,17,2,116,Spring
0.04616392189702335,-0.15112770935218633,0.06923828417212802,0.645392,30,4,Sentinel2,1714464189141,2024,2024-04-30 08:03:09.141,albadr,albadr,18,2,121,Spring
0.0424267290592804,-0.13760845339667066,0.06363359156927692,2.54025,30,4,Sentinel2,1714464203771,2024,2024-04-30 08:03:23.771,albadr,albadr,18,2,121,Spring
0.049255006630562544,-0.14472738327142368,0.07387576763130489,0.004456,5,5,Sentinel2,1714896192055,2024,2024-05-05 08:03:12.055,albadr,albadr,18,2,126,Spring
0.04913041945198412,-0.14436446290684254,0.07368891464121617,0.006258,5,5,Sentinel2,1714896206685,2024,2024-05-05 08:03:26.685,albadr,albadr,18,2,126,Spring
0.04593104669477738,-0.1389307523612046,0.06888974693536516,38.359353,10,5,Sentinel2,1715328204650,2024,2024-05-10 08:03:24.650,albadr,albadr,19,2,131,Spring
0.05581835616180035,-0.15178375133072403,0.08372018135660081,0.006735,15,5,Sentinel2,1715760192111,2024,2024-05-15 08:03:12.111,albadr,albadr,20,2,136,Spring
0.05622547324767902,-0.151307828094789,0.0843308329089553,0.005767,15,5,Sentinel2,1715760206744,2024,2024-05-15 08:03:26.744,albadr,albadr,20,2,136,Spring
0.048076510111944026,-0.1511608135772885,0.07210733475468507,0.002139,20,5,Sentinel2,1716192188409,2024,2024-05-20 08:03:08.409,albadr,albadr,21,2,141,Spring
0.05889970775029307,-0.18170004854922622,0.08833829430933253,0.009563,20,5,Sentinel2,1716192203047,2024,2024-05-20 08:03:23.047,albadr,albadr,21,2,141,Spring
0.4161319171640779,-0.4523975149020528,0.6241346532165216,0.000657,25,5,,1716624189144,2024,2024-05-25 08:03:09.144,albadr,albadr,21,2,146,Spring
0.4056978369599517,-0.4461187950633088,0.6084881063724623,24.411787,30,5,,1717056189343,2024,2024-05-30 08:03:09.343,albadr,albadr,22,2,151,Spring
0.4536701114170509,-0.5146050476985914,0.6804343142466158,0.003172,4,6,,1717488194089,2024,2024-06-04 08:03:14.089,albadr,albadr,23,2,156,Summer
0.4085099152054845,-0.4488482038897678,0.6127010999283033,0.00364,14,6,,1718352195344,2024,2024-06-14 08:03:15.344,albadr,albadr,24,2,166,Summer
0.4268105344564659,-0.4744723783245579,0.640149109691487,0.000746,19,6,,1718784191613,2024,2024-06-19 08:03:11.613,albadr,albadr,25,2,171,Summer
0.3632426791125673,-0.4097409364223943,0.5448074122105603,0.002611,24,6,,1719216193275,2024,2024-06-24 08:03:13.275,albadr,albadr,26,2,176,Summer
0.399576954397404,-0.4399201975609187,0.5993032399129128,0.006241,29,6,,1719648193167,2024,2024-06-29 08:03:13.167,albadr,albadr,26,2,181,Summer
0.4199534185497565,-0.4656528682478178,0.629864470612525,0.001867,4,7,,1720080192875,2024,2024-07-04 08:03:12.875,albadr,albadr,27,3,186,Summer
0.3788017316312485,-0.4235489876530449,0.5681444809607198,0.002001,9,7,,1720512191843,2024,2024-07-09 08:03:11.843,albadr,albadr,28,3,191,Summer
0.3658473717271044,-0.4125411068639224,0.5487141213007127,3.485138,14,7,,1720944191437,2024,2024-07-14 08:03:11.437,albadr,albadr,28,3,196,Summer
0.3951477859267917,-0.4425810877565997,0.5926602971540642,18.211247,24,7,,1721808191497,2024,2024-07-24 08:03:11.497,albadr,albadr,30,3,206,Summer
0.3998733970855034,-0.4446325443865132,0.5997467852572748,26.786426,3,8,,1722672191821,2024,2024-08-03 08:03:11.821,albadr,albadr,31,3,216,Summer
0.3925253077785788,-0.4115990489160069,0.5887271479052232,3.481117,13,8,,1723536190840,2024,2024-08-13 08:03:10.840,albadr,albadr,33,3,226,Summer
0.4096430137755831,-0.4513407998919515,0.6143973203550426,0.866363,18,8,,1723968191527,2024,2024-08-18 08:03:11.527,albadr,albadr,33,3,231,Summer
0.4692002151801273,-0.5078125540417507,0.703715756285903,11.308707,23,8,,1724400186642,2024,2024-08-23 08:03:06.642,albadr,albadr,34,3,236,Summer
0.2913804830329219,-0.3045920319497034,0.4370115274465043,20.418474,28,8,,1724832191241,2024,2024-08-28 08:03:11.241,albadr,albadr,35,3,241,Summer
0.4447942523831993,-0.4786109549939828,0.6671146563407194,0.004198,7,9,,1725696191780,2024,2024-09-07 08:03:11.780,albadr,albadr,36,3,251,Fall
0.4435909183561686,-0.4815176899802778,0.6653081660368797,0.008173,17,9,,1726560190457,2024,2024-09-17 08:03:10.457,albadr,albadr,38,3,261,Fall
0.4145298956757129,-0.4553450710474481,0.6217219960309419,0.003164,22,9,,1726992190772,2024,2024-09-22 08:03:10.772,albadr,albadr,38,3,266,Fall
0.446225544001057,-0.4816291653208431,0.6692574417124293,1.557711,27,9,,1727424189192,2024,2024-09-27 08:03:09.192,albadr,albadr,39,3,271,Fall
0.4256905266614144,-0.4616059804163518,0.6384584937974424,0.002999,2,10,,1727856191070,2024,2024-10-02 08:03:11.070,albadr,albadr,40,4,276,Fall
0.4236299831597153,-0.4611718584548483,0.6353665950838615,0.000397,7,10,,1728288189247,2024,2024-10-07 08:03:09.247,albadr,albadr,41,4,281,Fall
0.4276596109917655,-0.4600641816888189,0.6414053775897255,0.000396,12,10,,1728720187575,2024,2024-10-12 08:03:07.575,albadr,albadr,41,4,286,Fall
0.4234772135795965,-0.4573671131968637,0.6351334130368449,0.001884,17,10,,1729152189646,2024,2024-10-17 08:03:09.646,albadr,albadr,42,4,291,Fall
0.4710862102103519,-0.5077822654150407,0.7065347354316849,0.00088,22,10,,1729584189133,2024,2024-10-22 08:03:09.133,albadr,albadr,43,4,296,Fall
0.1186543048093324,-0.1118669486677033,0.1779588840608167,6.245232,27,10,,1730016190169,2024,2024-10-27 08:03:10.169,albadr,albadr,43,4,301,Fall
0.5389014414348602,-0.5718888752507988,0.808241183767085,27.137434,6,11,,1730880183742,2024,2024-11-06 08:03:03.742,albadr,albadr,45,4,311,Fall
0.6121217307357328,-0.6525808047329107,0.9180507139831472,0.36236,11,11,,1731312187631,2024,2024-11-11 08:03:07.631,albadr,albadr,46,4,316,Fall
0.5305637959375883,-0.5555620259973351,0.7957375009283613,5.1e-05,16,11,,1731744186444,2024,2024-11-16 08:03:06.444,albadr,albadr,46,4,321,Fall
0.4738357842988472,-0.4978791495137077,0.7106541136820196,26.355752,21,11,,1732176188677,2024,2024-11-21 08:03:08.677,albadr,albadr,47,4,326,Fall
0.44935519110065,-0.4760306347937071,0.6739396736151223,22.654869,26,11,,1732608190816,2024,2024-11-26 08:03:10.816,albadr,albadr,48,4,331,Fall
0.553885548304151,-0.5919578942316297,0.830708470455767,2.601941,1,12,,1733040189039,2024,2024-12-01 08:03:09.039,albadr,albadr,48,4,336,Winter
0.4779457604305173,-0.4984289428616453,0.7168191278384624,13.240062,6,12,,1733472189396,2024,2024-12-06 08:03:09.396,albadr,albadr,49,4,341,Winter
0.4997504285170355,-0.537827340548464,0.7495184008689333,0.000577,11,12,,1733904190252,2024,2024-12-11 08:03:10.252,albadr,albadr,50,4,346,Winter
0.5002952819135026,-0.5299640841711428,0.750341187696007,0.001672,11,12,,1733904217591,2024,2024-12-11 08:03:37.591,albadr,albadr,50,4,346,Winter
0.5814402999037158,-0.6501105853360604,0.8720378604000111,0.000372,16,12,,1734336190430,2024,2024-12-16 08:03:10.430,albadr,albadr,51,4,351,Winter
0.4824332297918087,-0.527120507268212,0.7235476418674001,0.000262,21,12,,1734768189168,2024,2024-12-21 08:03:09.168,albadr,albadr,51,4,356,Winter
0.4435706854326394,-0.4792603469433406,0.6652606754829185,0.508238,26,12,,1735200191032,2024,2024-12-26 08:03:11.032,albadr,albadr,52,4,361,Winter
0.06383216243978984,-0.17423481317330652,0.09573724029538032,0.009032,5,1,Sentinel2,1736064189569,2025,2025-01-05 08:03:09.569,albadr,albadr,1,1,5,Winter
0.06441630560643578,-0.17566706134720653,0.09661324177787309,0.964499,5,1,Sentinel2,1736064204203,2025,2025-01-05 08:03:24.203,albadr,albadr,1,1,5,Winter
0.00048054063383060747,0.03239118161152069,0.000720839528026735,19.840635,10,1,Sentinel2,1736496185559,2025,2025-01-10 08:03:05.559,albadr,albadr,2,1,10,Winter
0.0012097882378709053,0.026254084362775855,0.0018146772113815021,20.984255,10,1,Sentinel2,1736496200201,2025,2025-01-10 08:03:20.201,albadr,albadr,2,1,10,Winter
0.06283449172795084,-0.18928139188581578,0.09423557832425727,16.000579,15,1,Sentinel2,1736928187942,2025,2025-01-15 08:03:07.942,albadr,albadr,3,1,15,Winter
0.05738112241265718,-0.15870398412831746,0.08606206416760025,28.170666,20,1,Sentinel2,1737360188136,2025,2025-01-20 08:03:08.136,albadr,albadr,4,1,20,Winter
0.05764584996270241,-0.15924915316686541,0.08645906886556866,20.130748,20,1,Sentinel2,1737360202762,2025,2025-01-20 08:03:22.762,albadr,albadr,4,1,20,Winter
0.06750628312473034,-0.1741651159537023,0.10124773503319133,0.000237,25,1,Sentinel2,1737792191426,2025,2025-01-25 08:03:11.426,albadr,albadr,4,1,25,Winter
0.06617793665004486,-0.1705267287978533,0.09925551462944396,0.070344,25,1,Sentinel2,1737792206062,2025,2025-01-25 08:03:26.062,albadr,albadr,4,1,25,Winter
0.06699048231473162,-0.17583776884844907,0.10047453636815554,0.001093,30,1,Sentinel2,1738224220304,2025,2025-01-30 08:03:40.304,albadr,albadr,5,1,30,Winter
0.06778620460632136,-0.1764566868591732,0.10166795021812348,0.134138,30,1,Sentinel2,1738224231012,2025,2025-01-30 08:03:51.012,albadr,albadr,5,1,30,Winter
0.06545399855824763,-0.16600628217825242,0.098170620171468,11.170471,4,2,Sentinel2,1738656191269,2025,2025-02-04 08:03:11.269,albadr,albadr,6,1,35,Winter
0.06592446505275333,-0.16665676559299686,0.09887620616553694,38.236305,4,2,Sentinel2,1738656205906,2025,2025-02-04 08:03:25.906,albadr,albadr,6,1,35,Winter
0.05615250887568544,-0.14449030722355816,0.0842206346544335,10.353518,9,2,Sentinel2,1739088219741,2025,2025-02-09 08:03:39.741,albadr,albadr,6,1,40,Winter
0.0530332394163031,-0.1387053253186348,0.07954224378251748,2.467129,9,2,Sentinel2,1739088230182,2025,2025-02-09 08:03:50.182,albadr,albadr,6,1,40,Winter
0.025367477261547592,-0.08744944323353351,0.038047957004933616,27.850437,14,2,Sentinel2,1739520208170,2025,2025-02-14 08:03:28.170,albadr,albadr,7,1,45,Winter
0.039096283223388185,-0.13088179989032434,0.058638544304604176,29.030639,19,2,Sentinel2,1739952214853,2025,2025-02-19 08:03:34.853,albadr,albadr,8,1,50,Winter
0.06966223658131279,-0.16438265340971542,0.10448287364153556,0.596587,1,3,Sentinel2,1740816217583,2025,2025-03-01 08:03:37.583,albadr,albadr,9,1,60,Spring
0.06957799149315784,-0.1633212909456744,0.10435652705046894,4.267748,1,3,Sentinel2,1740816228365,2025,2025-03-01 08:03:48.365,albadr,albadr,9,1,60,Spring
0.0648986477823498,-0.1682154101219852,0.0973379295794596,0.003352,11,3,Sentinel2,1741680212447,2025,2025-03-11 08:03:32.447,albadr,albadr,11,1,70,Spring
0.06247776498471612,-0.16357290056394874,0.0937070879600204,0.558795,11,3,Sentinel2,1741680227083,2025,2025-03-11 08:03:47.083,albadr,albadr,11,1,70,Spring
0.028176346835993446,-0.09406965313832485,0.042257374572015845,16.620618,16,3,Sentinel2,1742112191450,2025,2025-03-16 08:03:11.450,albadr,albadr,11,1,75,Spring
0.05789485342462242,-0.15102225979640838,0.08683394139605022,0.861357,21,3,Sentinel2,1742544212606,2025,2025-03-21 08:03:32.606,albadr,albadr,12,1,80,Spring
0.058423096084491075,-0.1526418459763088,0.0876261727641646,0.004897,21,3,Sentinel2,1742544227236,2025,2025-03-21 08:03:47.236,albadr,albadr,12,1,80,Spring
0.06647100038766789,-0.16524989951025465,0.0996965933811594,0.000785,26,3,Sentinel2,1742976191833,2025,2025-03-26 08:03:11.833,albadr,albadr,13,1,85,Spring
0.06869448632771274,-0.17074281799183902,0.10303122936210082,0.003236,26,3,Sentinel2,1742976206461,2025,2025-03-26 08:03:26.461,albadr,albadr,13,1,85,Spring
0.04108268023559471,-0.12750271241020444,0.061617824816066896,14.70477,31,3,Sentinel2,1743408226474,2025,2025-03-31 08:03:46.474,albadr,albadr,14,1,90,Spring
0.04467521450509673,-0.15302000410020378,0.06700535213418976,2.627567,2,4,Sentinel2,1743581000365,2025,2025-04-02 08:03:20.365,albadr,albadr,14,2,92,Spring
0.04243148062607828,-0.14793702935513908,0.06364004328951263,0.003532,2,4,Sentinel2,1743581014997,2025,2025-04-02 08:03:34.997,albadr,albadr,14,2,92,Spring
0.027218698100238563,-0.08062128694539666,0.040824105234563604,20.916903,10,4,Sentinel2,1744272211878,2025,2025-04-10 08:03:31.878,albadr,albadr,15,2,100,Spring
0.021342012360521204,-0.06899186614333566,0.03201001162162662,28.880969,10,4,Sentinel2,1744272226507,2025,2025-04-10 08:03:46.507,albadr,albadr,15,2,100,Spring
0.07004853618577772,-0.1650745820615499,0.1050631405329171,0.122572,15,4,Sentinel2,1744704191977,2025,2025-04-15 08:03:11.977,albadr,albadr,16,2,105,Spring
0.06853520046047475,-0.1628558590581733,0.10279342393099491,7.538916,15,4,Sentinel2,1744704206607,2025,2025-04-15 08:03:26.607,albadr,albadr,16,2,105,Spring
0.023945603313299632,-0.0652018952194676,0.035916032447892036,25.822824,20,4,Sentinel2,1745136210617,2025,2025-04-20 08:03:30.617,albadr,albadr,16,2,110,Spring
0.02059945944773111,-0.05918906603452209,0.03089712611831797,19.11208,20,4,Sentinel2,1745136225246,2025,2025-04-20 08:03:45.246,albadr,albadr,16,2,110,Spring
0.059437315943974695,-0.1552055752430456,0.08914766858828567,0.13091,22,4,Sentinel2,1745309003178,2025,2025-04-22 08:03:23.178,albadr,albadr,17,2,112,Spring
0.05970066285048476,-0.15461503016838854,0.08954268686736602,0.010181,22,4,Sentinel2,1745309017803,2025,2025-04-22 08:03:37.803,albadr,albadr,17,2,112,Spring
0.06020281950775372,-0.16382360099691742,0.09029505627897354,4.276714,25,4,Sentinel2,1745568204563,2025,2025-04-25 08:03:24.563,albadr,albadr,17,2,115,Spring
0.04920561687327067,-0.1452191475899234,0.07380158255794639,0.755024,30,4,Sentinel2,1746000211197,2025,2025-04-30 08:03:31.197,albadr,albadr,18,2,120,Spring
0.049988173548210384,-0.14687977260889276,0.07497523601726314,4.407864,30,4,Sentinel2,1746000225820,2025,2025-04-30 08:03:45.820,albadr,albadr,18,2,120,Spring
0.06732461631781762,-0.16262175796089845,0.10097793872657096,1.717652,5,5,Sentinel2,1746432191263,2025,2025-05-05 08:03:11.263,albadr,albadr,19,2,125,Spring
0.06725289482650726,-0.16268864009251202,0.1008703531386597,2.701721,5,5,Sentinel2,1746432205894,2025,2025-05-05 08:03:25.894,albadr,albadr,19,2,125,Spring
0.04381078516136154,-0.13403459138808868,0.06571034617838084,0.002964,10,5,Sentinel2,1746864208153,2025,2025-05-10 08:03:28.153,albadr,albadr,19,2,130,Spring
0.045697224737980796,-0.13869366610729011,0.06853961126535059,0.025971,10,5,Sentinel2,1746864222784,2025,2025-05-10 08:03:42.784,albadr,albadr,19,2,130,Spring
0.050322310830104675,-0.1454567571444574,0.0754766593588657,38.281643,12,5,Sentinel2,1747037002831,2025,2025-05-12 08:03:22.831,albadr,albadr,20,2,132,Spring
0.04987716082073749,-0.14430571732712585,0.07480902259763962,4.825936,12,5,Sentinel2,1747037017468,2025,2025-05-12 08:03:37.468,albadr,albadr,20,2,132,Spring
0.05273425341142925,-0.14470575838623415,0.07909451997342896,1.856867,15,5,Sentinel2,1747296189511,2025,2025-05-15 08:03:09.511,albadr,albadr,20,2,135,Spring
0.05296171938926055,-0.14548201994400178,0.07943563885253037,0.351031,15,5,Sentinel2,1747296204141,2025,2025-05-15 08:03:24.141,albadr,albadr,20,2,135,Spring
0.0679810306351011,-0.18470927102830953,0.10196134601546304,0.003133,20,5,Sentinel2,1747728207302,2025,2025-05-20 08:03:27.302,albadr,albadr,21,2,140,Spring
0.06576667978295334,-0.1787030559615741,0.09864039548686578,0.010692,20,5,Sentinel2,1747728221934,2025,2025-05-20 08:03:41.934,albadr,albadr,21,2,140,Spring
