NDVI,NDWI,SAVI,cloud_percent,day,month,satellite,time,year,timestamp,farm_id,farm_name,week_of_year,quarter,day_of_year,season,SAR_VH,SAR_VV
0.0637322156233101,-0.1547854664749162,0.0955867159503668,0.535147,28,12,Sentinel2,1545984186000,2018,2018-12-28 08:03:06.000,almarbad,almarbad,52,4,362,Winter,-17.695242684070987,-10.126074768154995
0.0644489914123765,-0.1566552833853438,0.0966616791231652,21.822838,28,12,Sentinel2,1545984200000,2018,2018-12-28 08:03:20.000,almarbad,almarbad,52,4,362,Winter,-17.695242684070987,-10.126074768154995
0.0572685466812267,-0.1443480784162037,0.0858932023231211,36.754122,7,1,Sentinel2,1546848202000,2019,2019-01-07 08:03:22.000,almarbad,almarbad,2,1,7,Winter,-17.27324155733188,-10.020364059993843
0.0819260368313969,-0.178925103000971,0.122875956933241,1.465862,17,1,Sentinel2,1547712188000,2019,2019-01-17 08:03:08.000,almarbad,almarbad,3,1,17,Winter,-17.24551309212933,-9.751885137647875
0.0815422882157719,-0.1786235697248114,0.1223003655545032,12.213426,17,1,Sentinel2,1547712203000,2019,2019-01-17 08:03:23.000,almarbad,almarbad,3,1,17,Winter,-17.24551309212933,-9.751885137647875
0.0360421242785766,-0.1049965810472948,0.0540545893485577,39.299427,22,1,Sentinel2,1548144200000,2019,2019-01-22 08:03:20.000,almarbad,almarbad,4,1,22,Winter,-17.24551309212933,-9.751885137647875
0.0566381814243612,-0.1440777110197986,0.0849473905868317,0.224164,1,2,Sentinel2,1549008186000,2019,2019-02-01 08:03:06.000,almarbad,almarbad,5,1,32,Winter,-17.260735719483417,-9.543518465490624
0.0516243141151374,-0.1356689315890062,0.0774275955302162,0.102067,1,2,Sentinel2,1549008200000,2019,2019-02-01 08:03:20.000,almarbad,almarbad,5,1,32,Winter,-17.260735719483417,-9.543518465490624
0.0651284160058308,-0.1400627400171713,0.0976768682302665,20.451523,11,2,Sentinel2,1549872186000,2019,2019-02-11 08:03:06.000,almarbad,almarbad,7,1,42,Winter,-17.15433280761186,-9.912044299573301
0.0699009587988894,-0.1493676176904701,0.1048309370735617,1.468724,11,2,Sentinel2,1549872200000,2019,2019-02-11 08:03:20.000,almarbad,almarbad,7,1,42,Winter,-17.15433280761186,-9.912044299573301
0.0734087455456833,-0.1666250732414369,0.1101021031003001,1.608437,8,3,Sentinel2,1552032186000,2019,2019-03-08 08:03:06.000,almarbad,almarbad,10,1,67,Spring,-17.466910550044943,-10.40687346918714
0.0734004203674145,-0.1666200471309931,0.1100896258212178,0.203848,8,3,Sentinel2,1552032201000,2019,2019-03-08 08:03:21.000,almarbad,almarbad,10,1,67,Spring,-17.466910550044943,-10.40687346918714
0.0749779753283757,-0.1692668354936696,0.1124561403235568,1.895293,18,3,Sentinel2,1552896187000,2019,2019-03-18 08:03:07.000,almarbad,almarbad,12,1,77,Spring,-17.227523652741567,-10.001111460441834
0.0750985971612872,-0.1688167757923835,0.1126370677313271,0.257381,18,3,Sentinel2,1552896202000,2019,2019-03-18 08:03:22.000,almarbad,almarbad,12,1,77,Spring,-17.227523652741567,-10.001111460441834
0.0458234948234082,-0.1090973468147182,0.0687278112731414,12.918812,23,3,Sentinel2,1553328187000,2019,2019-03-23 08:03:07.000,almarbad,almarbad,12,1,82,Spring,-17.227523652741567,-10.001111460441834
0.0667371984534655,-0.1637133254492965,0.100096519673867,1.752618,2,4,Sentinel2,1554192189000,2019,2019-04-02 08:03:09.000,almarbad,almarbad,14,2,92,Spring,-17.31926072790599,-10.213959204427113
0.066161652726096,-0.1628032544434023,0.0992332754807545,0.8409,2,4,Sentinel2,1554192204000,2019,2019-04-02 08:03:24.000,almarbad,almarbad,14,2,92,Spring,-17.31926072790599,-10.213959204427113
0.0566737856983043,-0.1470009212132697,0.0850030857189228,2.96746,12,4,Sentinel2,1555056191000,2019,2019-04-12 08:03:11.000,almarbad,almarbad,15,2,102,Spring,-17.302482798133056,-10.208704905802948
0.0623662133602915,-0.1614496301939434,0.0935406935081094,25.987999,12,4,Sentinel2,1555056205000,2019,2019-04-12 08:03:25.000,almarbad,almarbad,15,2,102,Spring,-17.302482798133056,-10.208704905802948
0.0300820634477931,-0.1080266820292269,0.0451190369907911,1.860745,27,4,Sentinel2,1556352196000,2019,2019-04-27 08:03:16.000,almarbad,almarbad,17,2,117,Spring,-17.35902236319594,-10.261059837557543
0.0265694383027666,-0.1001017715466151,0.039850630677155,5.339244,27,4,Sentinel2,1556352210000,2019,2019-04-27 08:03:30.000,almarbad,almarbad,17,2,117,Spring,-17.35902236319594,-10.261059837557543
0.0386772307303291,-0.1230675824347028,0.0580108001605161,3.635158,7,5,Sentinel2,1557216197494,2019,2019-05-07 08:03:17.494,almarbad,almarbad,19,2,127,Spring,-17.110627947210784,-9.919226089238672
0.0420775119686172,-0.1307955120359176,0.0631106903272647,2.911227,7,5,Sentinel2,1557216212125,2019,2019-05-07 08:03:32.125,almarbad,almarbad,19,2,127,Spring,-17.110627947210784,-9.919226089238672
0.0335069616732595,-0.1182682152762446,0.0502560129442522,1.077027,17,5,Sentinel2,1558080197000,2019,2019-05-17 08:03:17.000,almarbad,almarbad,20,2,137,Spring,-17.46189490020027,-10.177407568144167
0.0332260230400498,-0.1191205202577904,0.0498346583011507,4.446719,17,5,Sentinel2,1558080212000,2019,2019-05-17 08:03:32.000,almarbad,almarbad,20,2,137,Spring,-17.46189490020027,-10.177407568144167
0.0426775089828457,-0.1398277482804819,0.0640105877534961,2.94562,1,6,Sentinel2,1559376191000,2019,2019-06-01 08:03:11.000,almarbad,almarbad,22,2,152,Summer,-17.191120643570382,-9.763057356405028
0.042403019839383,-0.1392855592823121,0.0635988931050342,8.05635,1,6,Sentinel2,1559376206000,2019,2019-06-01 08:03:26.000,almarbad,almarbad,22,2,152,Summer,-17.191120643570382,-9.763057356405028
0.0282034853453511,-0.1167480311583825,0.0423017225771565,23.12414,11,6,Sentinel2,1560240206000,2019,2019-06-11 08:03:26.000,almarbad,almarbad,24,2,162,Summer,-17.40268011547797,-10.022149690476033
0.0563766215647805,-0.1609058562464204,0.0845551802960194,0.94194,2,1,Sentinel2,1577952184314,2020,2020-01-02 08:03:04.314,almarbad,almarbad,1,1,2,Winter,-17.35412020126062,-9.650833346611487
0.0526865085109673,-0.1521546919516925,0.0790208372512648,5.004065,2,1,Sentinel2,1577952198958,2020,2020-01-02 08:03:18.958,almarbad,almarbad,1,1,2,Winter,-17.35412020126062,-9.650833346611487
0.0451378315699558,-0.0866144201171995,0.0677016897418592,26.806625,12,1,Sentinel2,1578816183787,2020,2020-01-12 08:03:03.787,almarbad,almarbad,2,1,12,Winter,-17.34705799730404,-9.579179494914156
0.0445051501121357,-0.0895597199394017,0.0667528087058467,22.892471,12,1,Sentinel2,1578816198441,2020,2020-01-12 08:03:18.441,almarbad,almarbad,2,1,12,Winter,-17.34705799730404,-9.579179494914156
-0.0266156023935794,-0.0032531881251927,-0.039913704291463,14.953834,17,1,Sentinel2,1579248183249,2020,2020-01-17 08:03:03.249,almarbad,almarbad,3,1,17,Winter,-17.34705799730404,-9.579179494914156
0.0663599209958691,-0.1696126150590245,0.0995294158342729,2.843663,27,1,Sentinel2,1580112182262,2020,2020-01-27 08:03:02.262,almarbad,almarbad,5,1,27,Winter,-17.30399128997983,-9.9918437867436
0.0653135187411462,-0.1674941615548908,0.097959994388603,5.608267,27,1,Sentinel2,1580112196903,2020,2020-01-27 08:03:16.903,almarbad,almarbad,5,1,27,Winter,-17.30399128997983,-9.9918437867436
0.0558461048071202,-0.1578415515363313,0.0837605148338915,10.132349,6,2,Sentinel2,1580976180989,2020,2020-02-06 08:03:00.989,almarbad,almarbad,6,1,37,Winter,-16.97656867103872,-9.787431979972357
0.0577874527947289,-0.1624111695466281,0.086672135582679,5.355235,6,2,Sentinel2,1580976195640,2020,2020-02-06 08:03:15.640,almarbad,almarbad,6,1,37,Winter,-16.97656867103872,-9.787431979972357
0.0567816169041166,-0.1075437172930807,0.085165167514902,2.847569,9,2,Sentinel2,1581235977003,2020,2020-02-09 08:12:57.003,almarbad,almarbad,6,1,40,Winter,-16.97656867103872,-9.787431979972357
-0.0041751557068291,0.0236250651044279,-0.0062625208968605,11.536454,19,2,Sentinel2,1582099978772,2020,2020-02-19 08:12:58.772,almarbad,almarbad,8,1,50,Winter,-17.10830129769664,-9.603359809115927
0.054439733715924,-0.1513248570491815,0.081651431291881,3.64181,21,2,Sentinel2,1582272185823,2020,2020-02-21 08:03:05.823,almarbad,almarbad,8,1,52,Winter,-17.10830129769664,-9.603359809115927
0.0540259729171119,-0.15062487444292,0.0810308514162807,4.104456,21,2,Sentinel2,1582272200466,2020,2020-02-21 08:03:20.466,almarbad,almarbad,8,1,52,Winter,-17.10830129769664,-9.603359809115927
0.063790263081733,-0.161224967742241,0.0956762178894864,2.720634,2,3,Sentinel2,1583136186796,2020,2020-03-02 08:03:06.796,almarbad,almarbad,10,1,62,Spring,-17.151986283098122,-9.794729103592568
0.063197462603027,-0.1604354824403596,0.094787107545756,1.635068,2,3,Sentinel2,1583136201440,2020,2020-03-02 08:03:21.440,almarbad,almarbad,10,1,62,Spring,-17.151986283098122,-9.794729103592568
0.0259428190358728,-0.1061784862855459,0.0389107197503639,8.507882,17,3,Sentinel2,1584432185599,2020,2020-03-17 08:03:05.599,almarbad,almarbad,12,1,77,Spring,-17.067103730343256,-9.671993585904849
0.0233576294672779,-0.1020134814253156,0.0350333465787031,38.905254,17,3,Sentinel2,1584432200244,2020,2020-03-17 08:03:20.244,almarbad,almarbad,12,1,77,Spring,-17.067103730343256,-9.671993585904849
0.0225415719485523,-0.1087287193509775,0.0338093618285776,0.185712,6,4,Sentinel2,1586160186295,2020,2020-04-06 08:03:06.295,almarbad,almarbad,15,2,97,Spring,-17.370985584335767,-9.658102854924218
0.0185512472104313,-0.1010140954018954,0.0278244539183864,0.427795,6,4,Sentinel2,1586160200929,2020,2020-04-06 08:03:20.929,almarbad,almarbad,15,2,97,Spring,-17.370985584335767,-9.658102854924218
0.03307506845383,-0.1194876723931169,0.0496081557479407,1.574675,21,4,Sentinel2,1587456183971,2020,2020-04-21 08:03:03.971,almarbad,almarbad,17,2,112,Spring,-17.454368376377612,-9.828639072909398
0.0340915680048893,-0.1228478079820247,0.0511327443741408,7.029974,21,4,Sentinel2,1587456198617,2020,2020-04-21 08:03:18.617,almarbad,almarbad,17,2,112,Spring,-17.454368376377612,-9.828639072909398
0.0575589178561444,-0.145264367316258,0.0863312703983856,4.668018,1,5,Sentinel2,1588320185603,2020,2020-05-01 08:03:05.603,almarbad,almarbad,18,2,122,Spring,-17.229096447089432,-9.899981482069022
0.0579267587644252,-0.1472059458615729,0.0868829811830726,7.99429,1,5,Sentinel2,1588320200244,2020,2020-05-01 08:03:20.244,almarbad,almarbad,18,2,122,Spring,-17.229096447089432,-9.899981482069022
0.0398264212891703,-0.1337103392342652,0.0597329290794985,0.16325,6,1,Sentinel2,1609920188263,2021,2021-01-06 08:03:08.263,almarbad,almarbad,1,1,6,Winter,-17.22439026118425,-9.788777259468699
0.0384832545104252,-0.1300126850253439,0.0577184581375903,0.052173,6,1,Sentinel2,1609920202896,2021,2021-01-06 08:03:22.896,almarbad,almarbad,1,1,6,Winter,-17.22439026118425,-9.788777259468699
0.0485853062907066,-0.1483850055624337,0.0728700684031165,0.255164,11,1,Sentinel2,1610352190092,2021,2021-01-11 08:03:10.092,almarbad,almarbad,2,1,11,Winter,-17.22439026118425,-9.788777259468699
0.046438401003178,-0.144314994576595,0.0696501058281755,0.091081,11,1,Sentinel2,1610352204719,2021,2021-01-11 08:03:24.719,almarbad,almarbad,2,1,11,Winter,-17.22439026118425,-9.788777259468699
0.0353913275221039,-0.1118405788640517,0.0530823710805031,1.366128,21,1,Sentinel2,1611216190052,2021,2021-01-21 08:03:10.052,almarbad,almarbad,3,1,21,Winter,-16.967738668735844,-9.441521647974117
0.0242997641474659,-0.0895919487185526,0.0364466744452494,2.189876,21,1,Sentinel2,1611216204675,2021,2021-01-21 08:03:24.675,almarbad,almarbad,3,1,21,Winter,-16.967738668735844,-9.441521647974117
0.0490802085668154,-0.1439486783960545,0.0736129204397723,0.251836,31,1,Sentinel2,1612080189398,2021,2021-01-31 08:03:09.398,almarbad,almarbad,4,1,31,Winter,-17.094997126338072,-9.444017654437536
0.045835368936077,-0.13801800507753,0.0687462430596889,0.142072,31,1,Sentinel2,1612080204028,2021,2021-01-31 08:03:24.028,almarbad,almarbad,4,1,31,Winter,-17.094997126338072,-9.444017654437536
0.0412709470026541,-0.1353059161901065,0.0619000309172287,0.521798,15,2,Sentinel2,1613376187424,2021,2021-02-15 08:03:07.424,almarbad,almarbad,7,1,46,Winter,-16.930776494510905,-9.257095135760053
0.0391125511297891,-0.1308982470379866,0.0586628521857039,0.438066,15,2,Sentinel2,1613376202054,2021,2021-02-15 08:03:22.054,almarbad,almarbad,7,1,46,Winter,-16.930776494510905,-9.257095135760053
0.0574399826620956,-0.1558032486135974,0.086151527535019,1.417418,25,2,Sentinel2,1614240187776,2021,2021-02-25 08:03:07.776,almarbad,almarbad,8,1,56,Winter,-16.799796916930188,-9.11597067405525
0.057160192966377,-0.1552906893167771,0.085731892698766,0.090189,25,2,Sentinel2,1614240202411,2021,2021-02-25 08:03:22.411,almarbad,almarbad,8,1,56,Winter,-16.799796916930188,-9.11597067405525
0.039507300189311,-0.1196936383600646,0.059255628010098,0.393126,7,3,Sentinel2,1615104188497,2021,2021-03-07 08:03:08.497,almarbad,almarbad,9,1,66,Spring,-17.140632946424834,-9.396639771119107
0.040627086455501,-0.1217240377264923,0.0609351264884946,0.071635,7,3,Sentinel2,1615104203134,2021,2021-03-07 08:03:23.134,almarbad,almarbad,9,1,66,Spring,-17.140632946424834,-9.396639771119107
0.0459401492096773,-0.1409296831867602,0.0689037749948012,0.329143,12,3,Sentinel2,1615536188939,2021,2021-03-12 08:03:08.939,almarbad,almarbad,10,1,71,Spring,-17.140632946424834,-9.396639771119107
0.0455612297209662,-0.1402995789330663,0.0683354489801308,0.114121,12,3,Sentinel2,1615536203570,2021,2021-03-12 08:03:23.570,almarbad,almarbad,10,1,71,Spring,-17.140632946424834,-9.396639771119107
0.0415951471397768,-0.1325365073893715,0.0623870974876763,0.411275,22,3,Sentinel2,1616400188022,2021,2021-03-22 08:03:08.022,almarbad,almarbad,12,1,81,Spring,-16.825848088615498,-9.374424590766624
0.0392969239744664,-0.127562280840701,0.0589401354839426,0.147636,22,3,Sentinel2,1616400202661,2021,2021-03-22 08:03:22.661,almarbad,almarbad,12,1,81,Spring,-16.825848088615498,-9.374424590766624
0.0354896448094711,-0.129816009339108,0.0532296518071581,0.529947,1,4,Sentinel2,1617264186448,2021,2021-04-01 08:03:06.448,almarbad,almarbad,13,2,91,Spring,-16.8344419981655,-9.37972841629756
0.0345059399900818,-0.1290507676332965,0.0517542237480728,5.097343,1,4,Sentinel2,1617264201087,2021,2021-04-01 08:03:21.087,almarbad,almarbad,13,2,91,Spring,-16.8344419981655,-9.37972841629756
0.0240420736255417,-0.102438502167535,0.0360600716377483,0.905313,16,4,Sentinel2,1618560184949,2021,2021-04-16 08:03:04.949,almarbad,almarbad,15,2,106,Spring,-16.75144834751485,-9.501243554629678
0.0239612966374055,-0.1030288482177875,0.0359389218679764,0.645341,16,4,Sentinel2,1618560199592,2021,2021-04-16 08:03:19.592,almarbad,almarbad,15,2,106,Spring,-16.75144834751485,-9.501243554629678
0.0471070877257932,-0.1413067862930675,0.0706542816961004,0.475804,26,4,Sentinel2,1619424184267,2021,2021-04-26 08:03:04.267,almarbad,almarbad,17,2,116,Spring,-16.796352354258143,-9.504356049264437
0.0470047020831316,-0.1407131210829607,0.0705007126723672,0.083083,26,4,Sentinel2,1619424198906,2021,2021-04-26 08:03:18.906,almarbad,almarbad,17,2,116,Spring,-16.796352354258143,-9.504356049264437
0.0452426242995663,-0.1357911800828947,0.0678581063931577,2.328691,6,5,Sentinel2,1620288186671,2021,2021-05-06 08:03:06.671,almarbad,almarbad,18,2,126,Spring,-16.57866793649654,-9.323317022422316
0.047966777389306,-0.1429015023440831,0.0719438765142686,0.357061,6,5,Sentinel2,1620288201308,2021,2021-05-06 08:03:21.308,almarbad,almarbad,18,2,126,Spring,-16.57866793649654,-9.323317022422316
0.0597131829729394,-0.1646640233077735,0.0895603791205347,0.000251,15,2,Sentinel2,1644912189732,2022,2022-02-15 08:03:09.732,almarbad,almarbad,7,1,46,Winter,-16.756744798643275,-9.126083449936043
0.0616160483966196,-0.1679980899387286,0.0924144339635445,0.001826,15,2,Sentinel2,1644912204375,2022,2022-02-15 08:03:24.375,almarbad,almarbad,7,1,46,Winter,-16.756744798643275,-9.126083449936043
-0.0005469639771188,-0.0490999257729766,-0.0008185703958523,6.044828,25,2,Sentinel2,1645776192042,2022,2022-02-25 08:03:12.042,almarbad,almarbad,8,1,56,Winter,-16.671408523112017,-9.426931489754464
0.0095039026973877,-0.0730600760040931,0.0142511659084116,36.431038,25,2,Sentinel2,1645776206674,2022,2022-02-25 08:03:26.674,almarbad,almarbad,8,1,56,Winter,-16.671408523112017,-9.426931489754464
0.0504683509280259,-0.1505201524720217,0.0756952631235697,11.424758,12,3,Sentinel2,1647072187344,2022,2022-03-12 08:03:07.344,almarbad,almarbad,10,1,71,Spring,-16.424089811982277,-9.422714672815278
0.0483115771317317,-0.1448346676248543,0.0724605550427501,0.014029,12,3,Sentinel2,1647072201982,2022,2022-03-12 08:03:21.982,almarbad,almarbad,10,1,71,Spring,-16.424089811982277,-9.422714672815278
0.0669551515445424,-0.1722101330617442,0.1004234832025476,0.005038,22,3,Sentinel2,1647936187118,2022,2022-03-22 08:03:07.118,almarbad,almarbad,12,1,81,Spring,-16.558472384509326,-9.30256143083394
0.0652303030036043,-0.1666925185671056,0.097836590992418,0.00651,22,3,Sentinel2,1647936201750,2022,2022-03-22 08:03:21.750,almarbad,almarbad,12,1,81,Spring,-16.558472384509326,-9.30256143083394
0.0629456241536184,-0.1625848145523489,0.0944100480784772,13.496172,1,4,Sentinel2,1648800185789,2022,2022-04-01 08:03:05.789,almarbad,almarbad,13,2,91,Spring,-16.63882692776968,-9.057153020996795
0.0614739637854188,-0.1594606713354612,0.0922028289690373,3.882696,1,4,Sentinel2,1648800200428,2022,2022-04-01 08:03:20.428,almarbad,almarbad,13,2,91,Spring,-16.63882692776968,-9.057153020996795
0.0596108412824966,-0.1638077255375375,0.0894080927614891,0.000255,6,4,Sentinel2,1649232190296,2022,2022-04-06 08:03:10.296,almarbad,almarbad,14,2,96,Spring,-16.63882692776968,-9.057153020996795
0.0602075674258483,-0.1650939673462607,0.0903030067155229,0.449162,6,4,Sentinel2,1649232204933,2022,2022-04-06 08:03:24.933,almarbad,almarbad,14,2,96,Spring,-16.63882692776968,-9.057153020996795
0.0572702366994723,-0.1529994376604099,0.085897990318538,0.003532,16,4,Sentinel2,1650096192781,2022,2022-04-16 08:03:12.781,almarbad,almarbad,15,2,106,Spring,-16.759699368106457,-9.29523877835913
0.0571497210118723,-0.1532014319952361,0.085717226897123,0.014996,16,4,Sentinel2,1650096207412,2022,2022-04-16 08:03:27.412,almarbad,almarbad,15,2,106,Spring,-16.759699368106457,-9.29523877835913
0.0481892143835308,-0.1439102465128619,0.0722776069853478,0.000326,26,4,Sentinel2,1650960194392,2022,2022-04-26 08:03:14.392,almarbad,almarbad,17,2,116,Spring,-16.088460420245646,-8.029732102520992
0.0492074978400963,-0.1453840487417297,0.0738048637984356,0.009277,26,4,Sentinel2,1650960209028,2022,2022-04-26 08:03:29.028,almarbad,almarbad,17,2,116,Spring,-16.088460420245646,-8.029732102520992
0.467506489433132,-0.4800186882897836,0.7011923904093895,0.006717,11,5,,1652256187006,2022,2022-05-11 08:03:07.006,almarbad,almarbad,19,2,131,Spring,-16.93823924240062,-9.724863425028675
0.0558693828195676,-0.1534852043313188,0.0837968330801059,0.011431,11,5,Sentinel2,1652256201641,2022,2022-05-11 08:03:21.641,almarbad,almarbad,19,2,131,Spring,-16.93823924240062,-9.724863425028675
0.4332051544232049,-0.4769030072281623,0.6497479696845745,0.334174,21,5,,1653120189304,2022,2022-05-21 08:03:09.304,almarbad,almarbad,20,2,141,Spring,-16.57735174928549,-9.267488773799775
0.4621927280445823,-0.4766762853440488,0.6932251437015334,0.894962,31,5,,1653984189172,2022,2022-05-31 08:03:09.172,almarbad,almarbad,22,2,151,Spring,-16.651988336177187,-9.138963068491455
0.4879820245562916,-0.5083014706484352,0.7319055835344896,0.000474,5,6,,1654416197189,2022,2022-06-05 08:03:17.189,almarbad,almarbad,22,2,156,Summer,-16.651988336177187,-9.138963068491455
0.4872966467571173,-0.5008172912051728,0.7308773467081402,0.0055,15,6,,1655280200063,2022,2022-06-15 08:03:20.063,almarbad,almarbad,24,2,166,Summer,-16.415420315300388,-9.057186461271376
0.4104607131649359,-0.4490463641402029,0.6156338537015967,15.952724,25,6,,1656144201840,2022,2022-06-25 08:03:21.840,almarbad,almarbad,25,2,176,Summer,-16.623305193653437,-9.56949681458342
0.420012306789906,-0.4475713671731171,0.6299578027208786,0.003307,20,7,,1658304194225,2022,2022-07-20 08:03:14.225,almarbad,almarbad,29,3,201,Summer,-16.756632354077308,-9.640908076438075
0.517226278213586,-0.5686853932410199,0.77575881465612,8.698084,4,8,,1659600200172,2022,2022-08-04 08:03:20.172,almarbad,almarbad,31,3,216,Summer,-16.920501127503204,-9.685860574300975
0.4816072412765041,-0.513537216503689,0.7223370793999373,0.611115,14,8,,1660464201677,2022,2022-08-14 08:03:21.677,almarbad,almarbad,32,3,226,Summer,-16.91145952562559,-9.806874248999595
0.5279469103169409,-0.5540832085725502,0.7918402423385601,0.002123,24,8,,1661328201953,2022,2022-08-24 08:03:21.953,almarbad,almarbad,34,3,236,Summer,-16.78373177541143,-9.64322582369059
0.4879650590419947,-0.5156321115993108,0.7318727362783684,0.000519,8,9,,1662624191189,2022,2022-09-08 08:03:11.189,almarbad,almarbad,36,3,251,Fall,-16.780791949433052,-9.550187284609446
0.431296600457117,-0.4625820659399144,0.6468774390218925,0.000178,18,9,,1663488190992,2022,2022-09-18 08:03:10.992,almarbad,almarbad,37,3,261,Fall,-16.593217690397942,-9.455309443261742
0.3956382100755796,-0.4382840862260663,0.5933914858760193,0.097678,28,9,,1664352189316,2022,2022-09-28 08:03:09.316,almarbad,almarbad,39,3,271,Fall,-16.21341060389184,-9.111103163286625
0.4246635800704835,-0.4718584980375288,0.6369224120849053,0.000809,3,10,,1664784196447,2022,2022-10-03 08:03:16.447,almarbad,almarbad,40,4,276,Fall,-16.21341060389184,-9.111103163286625
0.4277790804058535,-0.4883188192356024,0.6415926854813488,0.000463,13,10,,1665648194205,2022,2022-10-13 08:03:14.205,almarbad,almarbad,41,4,286,Fall,-16.74636955856755,-9.655291691407394
0.4239366571174656,-0.4834989405296798,0.6358253572556367,0.00021,23,10,,1666512191573,2022,2022-10-23 08:03:11.573,almarbad,almarbad,42,4,296,Fall,-16.672624686017194,-9.3811028318936
0.5159176460262517,-0.5501137622592656,0.7737702348498244,3.942541,27,11,,1669536188364,2022,2022-11-27 08:03:08.364,almarbad,almarbad,47,4,331,Fall,-15.397345698697677,-6.790368742253762
0.5603557769882349,-0.6106399469054988,0.8404119015564537,0.71557,2,12,,1669968189607,2022,2022-12-02 08:03:09.607,almarbad,almarbad,48,4,336,Winter,-15.397345698697677,-6.790368742253762
0.4072385887308002,-0.4426359140213501,0.6107818266238555,0.288676,12,12,,1670832189527,2022,2022-12-12 08:03:09.527,almarbad,almarbad,50,4,346,Winter,-16.693605539571784,-9.54181504194965
-0.0027298018129183,0.0142851919938539,-0.0040945564222791,33.631483,6,1,Sentinel2,1672992186991,2023,2023-01-06 08:03:06.991,almarbad,almarbad,1,1,6,Winter,-15.066940542864623,-6.513572325626348
0.0429045187095413,-0.1300493873622885,0.0643497079996859,33.97361,16,1,Sentinel2,1673856186019,2023,2023-01-16 08:03:06.019,almarbad,almarbad,3,1,16,Winter,-16.42439452890883,-9.32322106945244
0.0606055259970495,-0.1633721652027215,0.0908984619548967,25.681138,10,2,Sentinel2,1676016187939,2023,2023-02-10 08:03:07.939,almarbad,almarbad,6,1,41,Winter,-16.549493641419758,-9.269017389575678
0.0586326541190944,-0.1574077442973999,0.0879395847557666,0.006726,10,2,Sentinel2,1676016202579,2023,2023-02-10 08:03:22.579,almarbad,almarbad,6,1,41,Winter,-16.549493641419758,-9.269017389575678
0.0585433349405077,-0.1579500217966036,0.0878062873194435,8.169296,20,2,Sentinel2,1676880186547,2023,2023-02-20 08:03:06.547,almarbad,almarbad,8,1,51,Winter,-16.527204409553722,-9.177551898672384
0.0569951039170864,-0.1539116814521599,0.0854842318178972,2.239005,20,2,Sentinel2,1676880201189,2023,2023-02-20 08:03:21.189,almarbad,almarbad,8,1,51,Winter,-16.527204409553722,-9.177551898672384
0.0489389563627573,-0.149641724247538,0.0734006746586786,5.314947,7,3,Sentinel2,1678176192656,2023,2023-03-07 08:03:12.656,almarbad,almarbad,10,1,66,Spring,-16.78530769248246,-9.45052812998396
0.050586256533642,-0.1501896743466529,0.0758713679443315,34.217057,7,3,Sentinel2,1678176207291,2023,2023-03-07 08:03:27.291,almarbad,almarbad,10,1,66,Spring,-16.78530769248246,-9.45052812998396
0.0671094902185325,-0.160018378379841,0.1006544603959967,0.17443,17,3,Sentinel2,1679040193227,2023,2023-03-17 08:03:13.227,almarbad,almarbad,11,1,76,Spring,-16.58296706544086,-9.528011355505871
0.0668088632184953,-0.1590474859276642,0.1002035748525153,13.715066,17,3,Sentinel2,1679040207857,2023,2023-03-17 08:03:27.857,almarbad,almarbad,11,1,76,Spring,-16.58296706544086,-9.528011355505871
0.036599658374344,-0.1322942018026394,0.0548937434378577,0.571296,11,4,Sentinel2,1681200189467,2023,2023-04-11 08:03:09.467,almarbad,almarbad,15,2,101,Spring,-16.809522401384175,-9.466188929542486
0.0356817772189034,-0.1291693824154193,0.053517143126824,0.660652,11,4,Sentinel2,1681200204093,2023,2023-04-11 08:03:24.093,almarbad,almarbad,15,2,101,Spring,-16.809522401384175,-9.466188929542486
0.0486625212683018,-0.1433835249825365,0.0729867751303932,1.124493,21,4,Sentinel2,1682064187865,2023,2023-04-21 08:03:07.865,almarbad,almarbad,16,2,111,Spring,-16.83107852813989,-9.53456056856001
0.0481965436959801,-0.1423009340306497,0.0722879076838939,5.73466,21,4,Sentinel2,1682064202494,2023,2023-04-21 08:03:22.494,almarbad,almarbad,16,2,111,Spring,-16.83107852813989,-9.53456056856001
0.0575168731142321,-0.1504781783545313,0.0862676983044121,0.019352,6,5,Sentinel2,1683360191937,2023,2023-05-06 08:03:11.937,almarbad,almarbad,18,2,126,Spring,-16.693269933571514,-9.701713159508497
0.0573796921744362,-0.1493568807015329,0.0860619717240112,3.799275,6,5,Sentinel2,1683360206568,2023,2023-05-06 08:03:26.568,almarbad,almarbad,18,2,126,Spring,-16.693269933571514,-9.701713159508497
0.0475495888144659,-0.137837831991846,0.0713183313960607,29.299346,16,5,Sentinel2,1684224193552,2023,2023-05-16 08:03:13.552,almarbad,almarbad,20,2,136,Spring,-16.652566948541583,-9.36140881080363
0.0483306565647494,-0.1388427525437442,0.0724897401265049,32.704297,16,5,Sentinel2,1684224208183,2023,2023-05-16 08:03:28.183,almarbad,almarbad,20,2,136,Spring,-16.652566948541583,-9.36140881080363
0.0436884527165004,-0.1355286100599342,0.0655267798550146,0.016599,26,5,Sentinel2,1685088194015,2023,2023-05-26 08:03:14.015,almarbad,almarbad,21,2,146,Spring,-16.68856556726188,-9.35745128345336
0.0443793889135442,-0.1358486344820279,0.0665630805912559,9.398787,26,5,Sentinel2,1685088208645,2023,2023-05-26 08:03:28.645,almarbad,almarbad,21,2,146,Spring,-16.68856556726188,-9.35745128345336
0.0382394419968935,-0.1308125286251718,0.0573537617433663,0.003199,31,5,Sentinel2,1685520193179,2023,2023-05-31 08:03:13.179,almarbad,almarbad,22,2,151,Spring,-16.68856556726188,-9.35745128345336
0.0388740686926584,-0.1319791837125002,0.0583055614258816,0.018369,31,5,Sentinel2,1685520207809,2023,2023-05-31 08:03:27.809,almarbad,almarbad,22,2,151,Spring,-16.68856556726188,-9.35745128345336
0.3156114994842114,-0.3618011340180606,0.4733691711451628,0.010005,10,6,,1686384193191,2023,2023-06-10 08:03:13.191,almarbad,almarbad,23,2,161,Summer,-16.096131239940586,-9.16994419572948
0.0371735487141435,-0.1311171023962972,0.0557550879529856,0.019258,10,6,Sentinel2,1686384207815,2023,2023-06-10 08:03:27.815,almarbad,almarbad,23,2,161,Summer,-16.096131239940586,-9.16994419572948
0.3394646749061826,-0.3754090152571874,0.5091456588105538,0.00311,20,6,,1687248193253,2023,2023-06-20 08:03:13.253,almarbad,almarbad,25,2,171,Summer,-16.64222124135441,-9.50942588503422
0.3212843674492528,-0.3640083719445905,0.4818781206344373,0.002758,5,7,,1688544194706,2023,2023-07-05 08:03:14.706,almarbad,almarbad,27,3,186,Summer,-16.52273259961315,-9.327403488262604
0.322042338595995,-0.3688069539142454,0.4830158947575894,0.066049,15,7,,1689408194338,2023,2023-07-15 08:03:14.338,almarbad,almarbad,28,3,196,Summer,-16.357099134279846,-9.327821007668213
0.2978133846036433,-0.3374787154277449,0.4466758360108658,2.564633,25,7,,1690272195284,2023,2023-07-25 08:03:15.284,almarbad,almarbad,30,3,206,Summer,-16.387245289350645,-9.220329029468918
0.3186915616856483,-0.3646410628701513,0.4779889174094989,0.61512,30,7,,1690704194615,2023,2023-07-30 08:03:14.615,almarbad,almarbad,30,3,211,Summer,-16.387245289350645,-9.220329029468918
0.3169071618866002,-0.3725889623502263,0.4753113498111693,0.001762,19,8,,1692432195391,2023,2023-08-19 08:03:15.391,almarbad,almarbad,33,3,231,Summer,-16.8727866650038,-9.619489293480317
0.3074127360808406,-0.3464005346795475,0.4610693522374566,1.956672,3,9,,1693728194063,2023,2023-09-03 08:03:14.063,almarbad,almarbad,35,3,246,Fall,-16.735616192475383,-9.512766876537567
0.1881250424940803,-0.1915209824224953,0.2821628967023936,28.426367,23,9,,1695456192861,2023,2023-09-23 08:03:12.861,almarbad,almarbad,38,3,266,Fall,-17.431517582321803,-9.165014822088258
0.3840972047496092,-0.4300828183200214,0.5760789464186983,0.000896,28,9,,1695888191603,2023,2023-09-28 08:03:11.603,almarbad,almarbad,39,3,271,Fall,-17.431517582321803,-9.165014822088258
0.3840798626360377,-0.4424986794596524,0.5760510043637788,0.000789,8,10,,1696752189318,2023,2023-10-08 08:03:09.318,almarbad,almarbad,40,4,281,Fall,-16.74526160130162,-9.575934512670635
0.3451327624850881,-0.3959429914857519,0.5176346954361198,0.246904,18,10,,1697616188780,2023,2023-10-18 08:03:08.780,almarbad,almarbad,42,4,291,Fall,-16.475983889769363,-9.279358962116625
0.4195809536813189,-0.4368054886626639,0.6292922580523672,13.737844,2,11,,1698912191928,2023,2023-11-02 08:03:11.928,almarbad,almarbad,44,4,306,Fall,-16.588233883220905,-9.330667696997892
0.3961151361689699,-0.4250107472141105,0.5940965638535676,27.810347,12,11,,1699776190319,2023,2023-11-12 08:03:10.319,almarbad,almarbad,45,4,316,Fall,-16.51467181641243,-9.331434258252907
0.3646388649617626,-0.4066827488431468,0.5468899698650487,0.329661,22,11,,1700640185008,2023,2023-11-22 08:03:05.008,almarbad,almarbad,47,4,326,Fall,-16.632962233423857,-9.238271072908262
0.4137355417201995,-0.4323774314810528,0.6205140503532365,9.9e-05,27,11,,1701072182476,2023,2023-11-27 08:03:02.476,almarbad,almarbad,48,4,331,Fall,-16.632962233423857,-9.238271072908262
0.4062939364073247,-0.4273479702269505,0.6093517607070733,0.958114,7,12,,1701936183285,2023,2023-12-07 08:03:03.285,almarbad,almarbad,49,4,341,Winter,-16.614918428809364,-9.422720830985293
0.0539831283202333,-0.1451624395801913,0.0809652330587738,0.00316,1,1,Sentinel2,1704096190166,2024,2024-01-01 08:03:10.166,almarbad,almarbad,1,1,1,Winter,-16.120840115738794,-9.174796959487578
0.0531407535391447,-0.1434725987086863,0.079701845376908,0.066035,1,1,Sentinel2,1704096204798,2024,2024-01-01 08:03:24.798,almarbad,almarbad,1,1,1,Winter,-16.120840115738794,-9.174796959487578
0.0514804418571053,-0.1448452979007528,0.077212368643615,16.304047,11,1,Sentinel2,1704960187095,2024,2024-01-11 08:03:07.095,almarbad,almarbad,2,1,11,Winter,-16.55415537358733,-9.363894473383983
0.0517128451793589,-0.1451549571660269,0.0775609123571734,5.86142,11,1,Sentinel2,1704960201735,2024,2024-01-11 08:03:21.735,almarbad,almarbad,2,1,11,Winter,-16.55415537358733,-9.363894473383983
0.0671087824644983,-0.1845978126663684,0.1006511271801124,0.000511,21,1,Sentinel2,1705824188614,2024,2024-01-21 08:03:08.614,almarbad,almarbad,3,1,21,Winter,-16.634843879029482,-9.433524229876202
0.0602088135111419,-0.1640501963252651,0.0903029895093571,0.002859,21,1,Sentinel2,1705824203258,2024,2024-01-21 08:03:23.258,almarbad,almarbad,3,1,21,Winter,-16.634843879029482,-9.433524229876202
0.0462091111791807,-0.1163130606884052,0.0693059962089528,32.692981,26,1,Sentinel2,1706256183629,2024,2024-01-26 08:03:03.629,almarbad,almarbad,4,1,26,Winter,-16.634843879029482,-9.433524229876202
0.0458282415226521,-0.1411925167821918,0.0687351314648807,34.274888,15,2,Sentinel2,1707984187058,2024,2024-02-15 08:03:07.058,almarbad,almarbad,7,1,46,Winter,-16.564829811431927,-9.491469614434415
0.0851526148888205,-0.2139380817446472,0.1277129704293806,0.000209,1,3,Sentinel2,1709280186935,2024,2024-03-01 08:03:06.935,almarbad,almarbad,9,1,61,Spring,-16.595206542376545,-9.37481741406501
0.0860656999323919,-0.2164619003961929,0.129082146918644,0.00312,1,3,Sentinel2,1709280201576,2024,2024-03-01 08:03:21.576,almarbad,almarbad,9,1,61,Spring,-16.595206542376545,-9.37481741406501
0.054560884668736,-0.1467863724725362,0.0818336825465261,0.14719,11,3,Sentinel2,1710144185499,2024,2024-03-11 08:03:05.499,almarbad,almarbad,11,1,71,Spring,-16.52562948651736,-9.116189601725491
0.0574209633302797,-0.1549288484762674,0.0861232952043714,4.292217,11,3,Sentinel2,1710144200144,2024,2024-03-11 08:03:20.144,almarbad,almarbad,11,1,71,Spring,-16.52562948651736,-9.116189601725491
0.0603970293089599,-0.1574170720193787,0.0905866953251653,0.003744,26,3,Sentinel2,1711440190090,2024,2024-03-26 08:03:10.090,almarbad,almarbad,13,1,86,Spring,-16.044592394983813,-8.960909358283477
0.0599229870410724,-0.1557540285107863,0.0898757876479464,0.04255,26,3,Sentinel2,1711440204723,2024,2024-03-26 08:03:24.723,almarbad,almarbad,13,1,86,Spring,-16.044592394983813,-8.960909358283477
0.0402301525695355,-0.117770795871639,0.0603365982987033,15.128572,5,4,Sentinel2,1712304186722,2024,2024-04-05 08:03:06.722,almarbad,almarbad,14,2,96,Spring,-16.491088858307307,-8.90347117816954
0.039285649652496,-0.1213676481650901,0.0589199687274012,19.73781,5,4,Sentinel2,1712304201363,2024,2024-04-05 08:03:21.363,almarbad,almarbad,14,2,96,Spring,-16.491088858307307,-8.90347117816954
0.0539803049490973,-0.1497239077351602,0.080962669388227,0.026663,15,4,Sentinel2,1713168191810,2024,2024-04-15 08:03:11.810,almarbad,almarbad,16,2,106,Spring,-16.621345656307682,-9.128833416203841
0.0532168760216286,-0.1480121898053208,0.079817732972936,0.032227,15,4,Sentinel2,1713168206436,2024,2024-04-15 08:03:26.436,almarbad,almarbad,16,2,106,Spring,-16.621345656307682,-9.128833416203841
0.0461639218970233,-0.1511277093521863,0.069238284172128,0.645392,30,4,Sentinel2,1714464189141,2024,2024-04-30 08:03:09.141,almarbad,almarbad,18,2,121,Spring,-16.653668051337853,-9.064056224223172
0.0424267290592804,-0.1376084533966706,0.0636335915692769,2.54025,30,4,Sentinel2,1714464203771,2024,2024-04-30 08:03:23.771,almarbad,almarbad,18,2,121,Spring,-16.653668051337853,-9.064056224223172
0.0459310466947773,-0.1389307523612046,0.0688897469353651,38.359353,10,5,Sentinel2,1715328204650,2024,2024-05-10 08:03:24.650,almarbad,almarbad,19,2,131,Spring,-16.296873901681906,-8.91657439301661
0.048076510111944,-0.1511608135772885,0.072107334754685,0.002139,20,5,Sentinel2,1716192188409,2024,2024-05-20 08:03:08.409,almarbad,almarbad,21,2,141,Spring,-16.22127374242973,-9.119129521421833
0.058899707750293,-0.1817000485492262,0.0883382943093325,0.009563,20,5,Sentinel2,1716192203047,2024,2024-05-20 08:03:23.047,almarbad,almarbad,21,2,141,Spring,-16.22127374242973,-9.119129521421833
0.3319472996604469,-0.3546039448294694,0.4978712527861981,0.000657,25,5,,1716624189144,2024,2024-05-25 08:03:09.144,almarbad,almarbad,21,2,146,Spring,-16.22127374242973,-9.119129521421833
0.3351094828529987,-0.3729243610444629,0.5026138236898201,0.003172,4,6,,1717488194089,2024,2024-06-04 08:03:14.089,almarbad,almarbad,23,2,156,Summer,-16.19722972059302,-9.077903948760156
0.3223314034455506,-0.3467375392418158,0.4834491047616858,0.00364,14,6,,1718352195344,2024,2024-06-14 08:03:15.344,almarbad,almarbad,24,2,166,Summer,-16.20543256938294,-9.008317800968316
0.3066352664474271,-0.3378779918482841,0.4599072124354204,0.006241,29,6,,1719648193167,2024,2024-06-29 08:03:13.167,almarbad,almarbad,26,2,181,Summer,-16.546715697097458,-9.159849330551296
0.3014582337669212,-0.3300242358790511,0.4521412280964789,0.002001,9,7,,1720512191843,2024,2024-07-09 08:03:11.843,almarbad,almarbad,28,3,191,Summer,-16.469099654729433,-9.297207888925357
0.3169717144018882,-0.3508655861264453,0.4754091482779934,18.211247,24,7,,1721808191497,2024,2024-07-24 08:03:11.497,almarbad,almarbad,30,3,206,Summer,-16.186210574356295,-9.485150088415336
0.3070921863258568,-0.3378628946498934,0.4605903778364973,26.786426,3,8,,1722672191821,2024,2024-08-03 08:03:11.821,almarbad,almarbad,31,3,216,Summer,-16.526701190508533,-9.244304185013085
0.3224236607704074,-0.3484956958163017,0.4835852869499486,3.481117,13,8,,1723536190840,2024,2024-08-13 08:03:10.840,almarbad,almarbad,33,3,226,Summer,-16.65814087582887,-9.403172345611287
0.0866498357753698,-0.0729341852072935,0.1299518679446252,20.418474,28,8,,1724832191241,2024,2024-08-28 08:03:11.241,almarbad,almarbad,35,3,241,Summer,-16.39454935483086,-8.609433511417462
0.3600784983986607,-0.3746004000176192,0.5400583731159618,0.004198,7,9,,1725696191780,2024,2024-09-07 08:03:11.780,almarbad,almarbad,36,3,251,Fall,-16.72610477860408,-9.408936027144286
0.3423106135166355,-0.3660035302981227,0.5134073784370714,0.008173,17,9,,1726560190457,2024,2024-09-17 08:03:10.457,almarbad,almarbad,38,3,261,Fall,-16.8202614079984,-9.529716944809358
0.3310869504834977,-0.3597018318261908,0.4965735978908798,0.003164,22,9,,1726992190772,2024,2024-09-22 08:03:10.772,almarbad,almarbad,38,3,266,Fall,-16.8202614079984,-9.529716944809358
0.3493745614238109,-0.3694546034800908,0.5239986178674391,0.002999,2,10,,1727856191070,2024,2024-10-02 08:03:11.070,almarbad,almarbad,40,4,276,Fall,-16.59589576626335,-9.32579731316948
0.3364836798687845,-0.3616137022709527,0.5046618838494661,0.000396,12,10,,1728720187575,2024,2024-10-12 08:03:07.575,almarbad,almarbad,41,4,286,Fall,-16.559040297960507,-9.382733546971906
0.1046114390881881,-0.0977838332850385,0.1569056492829847,6.245232,27,10,,1730016190169,2024,2024-10-27 08:03:10.169,almarbad,almarbad,43,4,301,Fall,-16.64264735341049,-9.324419524967826
0.4136456141168068,-0.4298486013340726,0.6203900600144535,27.137434,6,11,,1730880183742,2024,2024-11-06 08:03:03.742,almarbad,almarbad,45,4,311,Fall,-16.683782801910095,-9.282980750250298
0.4074764133661964,-0.4256377036955752,0.6111372327507124,5.1e-05,16,11,,1731744186444,2024,2024-11-16 08:03:06.444,almarbad,almarbad,46,4,321,Fall,-16.719437254371407,-9.541226415290428
0.3773613453069778,-0.3936340552433454,0.5659666927979472,26.355752,21,11,,1732176188677,2024,2024-11-21 08:03:08.677,almarbad,almarbad,47,4,326,Fall,-16.719437254371407,-9.541226415290428
0.425902619693481,-0.460885034263944,0.6387664015582957,2.601941,1,12,,1733040189039,2024,2024-12-01 08:03:09.039,almarbad,almarbad,48,4,336,Winter,-16.251650902785457,-9.316813502734536
0.4126535816127641,-0.4373617733335437,0.6188955044747879,0.000577,11,12,,1733904190252,2024,2024-12-11 08:03:10.252,almarbad,almarbad,50,4,346,Winter,-16.521789647064313,-9.07054838370688
0.3976057217965922,-0.4247718841884983,0.5963297692113697,0.001672,11,12,,1733904217591,2024,2024-12-11 08:03:37.591,almarbad,almarbad,50,4,346,Winter,-16.521789647064313,-9.07054838370688
0.3690606458475971,-0.3844032101477787,0.5535140307741516,0.508238,26,12,,1735200191032,2024,2024-12-26 08:03:11.032,almarbad,almarbad,52,4,361,Winter,-16.838561591223403,-9.276491602453294
0.0638321624397898,-0.1742348131733065,0.0957372402953803,0.009032,5,1,Sentinel2,1736064189569,2025,2025-01-05 08:03:09.569,almarbad,almarbad,1,1,5,Winter,-16.75424422965607,-9.36544530073944
0.0644163056064357,-0.1756670613472065,0.096613241777873,0.964499,5,1,Sentinel2,1736064204203,2025,2025-01-05 08:03:24.203,almarbad,almarbad,1,1,5,Winter,-16.75424422965607,-9.36544530073944
0.0628344917279508,-0.1892813918858157,0.0942355783242572,16.000579,15,1,Sentinel2,1736928187942,2025,2025-01-15 08:03:07.942,almarbad,almarbad,3,1,15,Winter,-16.527453333834913,-9.140932216023495
0.0573811224126571,-0.1587039841283174,0.0860620641676002,28.170666,20,1,Sentinel2,1737360188136,2025,2025-01-20 08:03:08.136,almarbad,almarbad,4,1,20,Winter,-16.527453333834913,-9.140932216023495
0.0576458499627024,-0.1592491531668654,0.0864590688655686,20.130748,20,1,Sentinel2,1737360202762,2025,2025-01-20 08:03:22.762,almarbad,almarbad,4,1,20,Winter,-16.527453333834913,-9.140932216023495
0.0669904823147316,-0.175837768848449,0.1004745363681555,0.001093,30,1,Sentinel2,1738224220304,2025,2025-01-30 08:03:40.304,almarbad,almarbad,5,1,30,Winter,-16.488621487925126,-9.491628633587183
0.0677862046063213,-0.1764566868591732,0.1016679502181234,0.134138,30,1,Sentinel2,1738224231012,2025,2025-01-30 08:03:51.012,almarbad,almarbad,5,1,30,Winter,-16.488621487925126,-9.491628633587183
0.0561525088756854,-0.1444903072235581,0.0842206346544335,10.353518,9,2,Sentinel2,1739088219741,2025,2025-02-09 08:03:39.741,almarbad,almarbad,6,1,40,Winter,-16.442365982946924,-9.290531607956055
0.0530332394163031,-0.1387053253186348,0.0795422437825174,2.467129,9,2,Sentinel2,1739088230182,2025,2025-02-09 08:03:50.182,almarbad,almarbad,6,1,40,Winter,-16.442365982946924,-9.290531607956055
0.0281763468359934,-0.0940696531383248,0.0422573745720158,16.620618,16,3,Sentinel2,1742112191450,2025,2025-03-16 08:03:11.450,almarbad,almarbad,11,1,75,Spring,-16.589607617849097,-9.414558699545605
0.0578948534246224,-0.1510222597964083,0.0868339413960502,0.861357,21,3,Sentinel2,1742544212606,2025,2025-03-21 08:03:32.606,almarbad,almarbad,12,1,80,Spring,-16.589607617849097,-9.414558699545605
0.058423096084491,-0.1526418459763088,0.0876261727641646,0.004897,21,3,Sentinel2,1742544227236,2025,2025-03-21 08:03:47.236,almarbad,almarbad,12,1,80,Spring,-16.589607617849097,-9.414558699545605
0.0410826802355947,-0.1275027124102044,0.0616178248160668,14.70477,31,3,Sentinel2,1743408226474,2025,2025-03-31 08:03:46.474,almarbad,almarbad,14,1,90,Spring,-16.269208806823485,-9.18919634070255
0.0446752145050967,-0.1530200041002037,0.0670053521341897,2.627567,2,4,Sentinel2,1743581000365,2025,2025-04-02 08:03:20.365,almarbad,almarbad,14,2,92,Spring,-16.269208806823485,-9.18919634070255
0.0424314806260782,-0.147937029355139,0.0636400432895126,0.003532,2,4,Sentinel2,1743581014997,2025,2025-04-02 08:03:34.997,almarbad,almarbad,14,2,92,Spring,-16.269208806823485,-9.18919634070255
0.0272186981002385,-0.0806212869453966,0.0408241052345636,20.916903,10,4,Sentinel2,1744272211878,2025,2025-04-10 08:03:31.878,almarbad,almarbad,15,2,100,Spring,-16.50462106668466,-9.269444500664084
0.0213420123605212,-0.0689918661433356,0.0320100116216266,28.880969,10,4,Sentinel2,1744272226507,2025,2025-04-10 08:03:46.507,almarbad,almarbad,15,2,100,Spring,-16.50462106668466,-9.269444500664084
0.0700485361857777,-0.1650745820615499,0.1050631405329171,0.122572,15,4,Sentinel2,1744704191977,2025,2025-04-15 08:03:11.977,almarbad,almarbad,16,2,105,Spring,-17.158409880972837,-9.986580828089508
0.0685352004604747,-0.1628558590581733,0.1027934239309949,7.538916,15,4,Sentinel2,1744704206607,2025,2025-04-15 08:03:26.607,almarbad,almarbad,16,2,105,Spring,-17.158409880972837,-9.986580828089508
0.0239456033132996,-0.0652018952194676,0.035916032447892,25.822824,20,4,Sentinel2,1745136210617,2025,2025-04-20 08:03:30.617,almarbad,almarbad,16,2,110,Spring,-17.158409880972837,-9.986580828089508
0.0205994594477311,-0.059189066034522,0.0308971261183179,19.11208,20,4,Sentinel2,1745136225246,2025,2025-04-20 08:03:45.246,almarbad,almarbad,16,2,110,Spring,-17.158409880972837,-9.986580828089508
0.0594373159439746,-0.1552055752430456,0.0891476685882856,0.13091,22,4,Sentinel2,1745309003178,2025,2025-04-22 08:03:23.178,almarbad,almarbad,17,2,112,Spring,-16.213429291537047,-8.886328160589498
0.0597006628504847,-0.1546150301683885,0.089542686867366,0.010181,22,4,Sentinel2,1745309017803,2025,2025-04-22 08:03:37.803,almarbad,almarbad,17,2,112,Spring,-16.213429291537047,-8.886328160589498
0.0602028195077537,-0.1638236009969174,0.0902950562789735,4.276714,25,4,Sentinel2,1745568204563,2025,2025-04-25 08:03:24.563,almarbad,almarbad,17,2,115,Spring,-16.213429291537047,-8.886328160589498
0.0673246163178176,-0.1626217579608984,0.1009779387265709,1.717652,5,5,Sentinel2,1746432191263,2025,2025-05-05 08:03:11.263,almarbad,almarbad,19,2,125,Spring,-16.23871822678148,-9.22370761131884
0.0672528948265072,-0.162688640092512,0.1008703531386597,2.701721,5,5,Sentinel2,1746432205894,2025,2025-05-05 08:03:25.894,almarbad,almarbad,19,2,125,Spring,-16.23871822678148,-9.22370761131884
0.0438107851613615,-0.1340345913880886,0.0657103461783808,0.002964,10,5,Sentinel2,1746864208153,2025,2025-05-10 08:03:28.153,almarbad,almarbad,19,2,130,Spring,-16.834992619916672,-9.927324549374447
0.0456972247379807,-0.1386936661072901,0.0685396112653505,0.025971,10,5,Sentinel2,1746864222784,2025,2025-05-10 08:03:42.784,almarbad,almarbad,19,2,130,Spring,-16.834992619916672,-9.927324549374447
0.0503223108301046,-0.1454567571444574,0.0754766593588657,38.281643,12,5,Sentinel2,1747037002831,2025,2025-05-12 08:03:22.831,almarbad,almarbad,20,2,132,Spring,-16.834992619916672,-9.927324549374447
0.0498771608207374,-0.1443057173271258,0.0748090225976396,4.825936,12,5,Sentinel2,1747037017468,2025,2025-05-12 08:03:37.468,almarbad,almarbad,20,2,132,Spring,-16.834992619916672,-9.927324549374447
0.0527342534114292,-0.1447057583862341,0.0790945199734289,1.856867,15,5,Sentinel2,1747296189511,2025,2025-05-15 08:03:09.511,almarbad,almarbad,20,2,135,Spring,-15.895613556422475,-9.033086341049536
0.0529617193892605,-0.1454820199440017,0.0794356388525303,0.351031,15,5,Sentinel2,1747296204141,2025,2025-05-15 08:03:24.141,almarbad,almarbad,20,2,135,Spring,-15.895613556422475,-9.033086341049536
0.0679810306351011,-0.1847092710283095,0.101961346015463,0.003133,20,5,Sentinel2,1747728207302,2025,2025-05-20 08:03:27.302,almarbad,almarbad,21,2,140,Spring,-15.895613556422475,-9.033086341049536
0.0657666797829533,-0.1787030559615741,0.0986403954868657,0.010692,20,5,Sentinel2,1747728221934,2025,2025-05-20 08:03:41.934,almarbad,almarbad,21,2,140,Spring,-15.895613556422475,-9.033086341049536
