NDVI,NDWI,SAVI,cloud_percent,day,month,time,year,timestamp,week_of_year,quarter,day_of_year,season,farm_id,farm_name
0.5741268652059947,-0.55703206077187,0.8610591923069367,11.87776,1,1,1641024185233,2022,2022-01-01 08:03:05.233,52,1,1,Winter,wahaa nakeel,wahaa nakeel
0.6221983691030814,-0.6117593236875613,0.9331546757237238,0.240643,6,1,1641456190867,2022,2022-01-06 08:03:10.867,1,1,6,Winter,wahaa nakeel,wahaa nakeel
0.6407444641069502,-0.6286977594292442,0.9609721238639968,1.612451,16,1,1642320189944,2022,2022-01-16 08:03:09.944,2,1,16,Winter,wahaa nakeel,wahaa nakeel
0.5682837881840598,-0.5729743087801009,0.8523058957272895,1.341973,21,1,1642752184308,2022,2022-01-21 08:03:04.308,3,1,21,Winter,wahaa nakeel,wahaa nakeel
0.539030627040174,-0.5345639052876929,0.8084224172778611,0.000136,26,1,1643184189419,2022,2022-01-26 08:03:09.419,4,1,26,Winter,wahaa nakeel,wahaa nakeel
0.5281871217044638,-0.5201216476196254,0.7921647479813345,9.42203,31,1,1643616183453,2022,2022-01-31 08:03:03.453,5,1,31,Winter,wahaa nakeel,wahaa nakeel
0.5152806903307262,-0.5168852327567044,0.7728131051835999,0.108122,5,2,1644048189000,2022,2022-02-05 08:03:09.000,5,1,36,Winter,wahaa nakeel,wahaa nakeel
0.5620939477783536,-0.56037420921625,0.843017739062879,5.446281,10,2,1644480183564,2022,2022-02-10 08:03:03.564,6,1,41,Winter,wahaa nakeel,wahaa nakeel
0.5681483353425516,-0.5750942635164502,0.8520967841883547,0.000251,15,2,1644912189732,2022,2022-02-15 08:03:09.732,7,1,46,Winter,wahaa nakeel,wahaa nakeel
0.514415084020505,-0.5183510589553393,0.7715161828820741,6.044828,25,2,1645776192042,2022,2022-02-25 08:03:12.042,8,1,56,Winter,wahaa nakeel,wahaa nakeel
0.48023633063960547,-0.48808147057469403,0.720255728502918,0.000871,2,3,1646208186094,2022,2022-03-02 08:03:06.094,9,1,61,Spring,wahaa nakeel,wahaa nakeel
0.540602352440907,-0.5695586935488559,0.8107912576754368,1.440434,7,3,1646640193281,2022,2022-03-07 08:03:13.281,10,1,66,Spring,wahaa nakeel,wahaa nakeel
0.5387748945578897,-0.5560357340941655,0.8080533740986385,11.424758,12,3,1647072187344,2022,2022-03-12 08:03:07.344,10,1,71,Spring,wahaa nakeel,wahaa nakeel
0.5577780306203042,-0.5647995017022498,0.8365571975831876,0.198087,17,3,1647504193098,2022,2022-03-17 08:03:13.098,11,1,76,Spring,wahaa nakeel,wahaa nakeel
0.5505065086264579,-0.587286336748396,0.8256562747730943,0.005038,22,3,1647936187118,2022,2022-03-22 08:03:07.118,12,1,81,Spring,wahaa nakeel,wahaa nakeel
0.571291129161314,-0.6292733346247724,0.8568277120258689,0.000342,27,3,1648368191942,2022,2022-03-27 08:03:11.942,12,1,86,Spring,wahaa nakeel,wahaa nakeel
0.49839418992739964,-0.512980040273889,0.7475008470534154,13.496172,1,4,1648800185789,2022,2022-04-01 08:03:05.789,13,2,91,Spring,wahaa nakeel,wahaa nakeel
0.5188004324716171,-0.5360806048467951,0.7781035150950155,0.000255,6,4,1649232190296,2022,2022-04-06 08:03:10.296,14,2,96,Spring,wahaa nakeel,wahaa nakeel
0.5104868435164766,-0.5314148131969461,0.7656358961472769,0.000421,11,4,1649664185973,2022,2022-04-11 08:03:05.973,15,2,101,Spring,wahaa nakeel,wahaa nakeel
0.42599873034066926,-0.44262577106556616,0.6389243204801378,0.003532,16,4,1650096192781,2022,2022-04-16 08:03:12.781,15,2,106,Spring,wahaa nakeel,wahaa nakeel
0.2868459554680707,-0.3231699822405478,0.43022487989474406,0.008829,21,4,1650528184305,2022,2022-04-21 08:03:04.305,16,2,111,Spring,wahaa nakeel,wahaa nakeel
0.3855072567874953,-0.41317795278882946,0.5781955586066115,0.000326,26,4,1650960194392,2022,2022-04-26 08:03:14.392,17,2,116,Spring,wahaa nakeel,wahaa nakeel
0.5075757926288161,-0.5074303478214426,0.7612791222612915,0.000395,1,5,1651392183206,2022,2022-05-01 08:03:03.206,17,2,121,Spring,wahaa nakeel,wahaa nakeel
0.5255152167455823,-0.5164477273194095,0.7881900333806707,4.90813,6,5,1651824193882,2022,2022-05-06 08:03:13.882,18,2,126,Spring,wahaa nakeel,wahaa nakeel
0.4768598956867152,-0.4790985290685697,0.7152136467310851,0.006717,11,5,1652256187006,2022,2022-05-11 08:03:07.006,19,2,131,Spring,wahaa nakeel,wahaa nakeel
0.4701647426073899,-0.4963551651303394,0.7051713524258979,0.000363,16,5,1652688194180,2022,2022-05-16 08:03:14.180,20,2,136,Spring,wahaa nakeel,wahaa nakeel
0.4630597176388482,-0.5041508162596098,0.6945163194105685,0.334174,21,5,1653120189304,2022,2022-05-21 08:03:09.304,20,2,141,Spring,wahaa nakeel,wahaa nakeel
0.43514114934164433,-0.44955608156551796,0.6526421344011072,0.001676,26,5,1653552196683,2022,2022-05-26 08:03:16.683,21,2,146,Spring,wahaa nakeel,wahaa nakeel
0.4515284034477613,-0.4624871359207011,0.6772211304536017,0.894962,31,5,1653984189172,2022,2022-05-31 08:03:09.172,22,2,151,Spring,wahaa nakeel,wahaa nakeel
0.49183589434007796,-0.5042679897044607,0.7376743448707573,0.000474,5,6,1654416197189,2022,2022-06-05 08:03:17.189,22,2,156,Summer,wahaa nakeel,wahaa nakeel
0.5406540064913155,-0.5527230242783446,0.810892489972729,0.002486,10,6,1654848191567,2022,2022-06-10 08:03:11.567,23,2,161,Summer,wahaa nakeel,wahaa nakeel
0.4768258561252514,-0.47936413634832564,0.7151620881732114,0.0055,15,6,1655280200063,2022,2022-06-15 08:03:20.063,24,2,166,Summer,wahaa nakeel,wahaa nakeel
0.5435847276432257,-0.5748893936136209,0.815285326251291,0.006298,20,6,1655712193760,2022,2022-06-20 08:03:13.760,25,2,171,Summer,wahaa nakeel,wahaa nakeel
0.42412564640736394,-0.45417744002442695,0.6361196242330734,15.952724,25,6,1656144201840,2022,2022-06-25 08:03:21.840,25,2,176,Summer,wahaa nakeel,wahaa nakeel
0.43393571782108403,-0.444135497459808,0.6508333991329567,0.008257,30,6,1656576194445,2022,2022-06-30 08:03:14.445,26,2,181,Summer,wahaa nakeel,wahaa nakeel
0.46909871669480224,-0.47409637734519877,0.7035701667844066,0.005397,5,7,1657008202392,2022,2022-07-05 08:03:22.392,27,3,186,Summer,wahaa nakeel,wahaa nakeel
0.4455790345258604,-0.4614599081729435,0.6682948814959343,1.913746,15,7,1657872201770,2022,2022-07-15 08:03:21.770,28,3,196,Summer,wahaa nakeel,wahaa nakeel
0.44233569881941914,-0.45964874672047074,0.6634300453299123,0.003307,20,7,1658304194225,2022,2022-07-20 08:03:14.225,29,3,201,Summer,wahaa nakeel,wahaa nakeel
0.4644532424686419,-0.4785730679021927,0.6966024279961557,0.408824,25,7,1658736199608,2022,2022-07-25 08:03:19.608,30,3,206,Summer,wahaa nakeel,wahaa nakeel
0.6061678948377833,-0.6446003465281268,0.9091356050371285,8.698084,4,8,1659600200172,2022,2022-08-04 08:03:20.172,31,3,216,Summer,wahaa nakeel,wahaa nakeel
0.6771595412279294,-0.7290334835446316,1.015614308766231,0.138626,9,8,1660032193228,2022,2022-08-09 08:03:13.228,32,3,221,Summer,wahaa nakeel,wahaa nakeel
0.5275621932997134,-0.5432097842311617,0.7912492573912869,0.611115,14,8,1660464201677,2022,2022-08-14 08:03:21.677,32,3,226,Summer,wahaa nakeel,wahaa nakeel
0.4908055027645059,-0.5075859270282219,0.736123053008011,0.031664,19,8,1660896191131,2022,2022-08-19 08:03:11.131,33,3,231,Summer,wahaa nakeel,wahaa nakeel
0.5809486514518339,-0.5908120273198014,0.8713200955183732,0.002123,24,8,1661328201953,2022,2022-08-24 08:03:21.953,34,3,236,Summer,wahaa nakeel,wahaa nakeel
0.6347192746327123,-0.6539878531953689,0.9519706870306595,16.751042,29,8,1661760189912,2022,2022-08-29 08:03:09.912,35,3,241,Summer,wahaa nakeel,wahaa nakeel
0.6599433695866687,-0.6845226484310081,0.9897914827669598,0.007595,3,9,1662192201297,2022,2022-09-03 08:03:21.297,35,3,246,Fall,wahaa nakeel,wahaa nakeel
0.5337666939122344,-0.5411072176429391,0.8005531559945682,0.000519,8,9,1662624191189,2022,2022-09-08 08:03:11.189,36,3,251,Fall,wahaa nakeel,wahaa nakeel
0.24940823472581405,-0.24143975030428835,0.3740523229712726,7.027938,13,9,1663056199412,2022,2022-09-13 08:03:19.412,37,3,256,Fall,wahaa nakeel,wahaa nakeel
0.4904786913626083,-0.49915496438980883,0.7356272810641987,0.000178,18,9,1663488190992,2022,2022-09-18 08:03:10.992,37,3,261,Fall,wahaa nakeel,wahaa nakeel
0.5163003138349516,-0.5277508477051934,0.7743510666804838,0.00052,23,9,1663920196270,2022,2022-09-23 08:03:16.270,38,3,266,Fall,wahaa nakeel,wahaa nakeel
0.49078600205556805,-0.5027775202036558,0.7360854342078552,0.097678,28,9,1664352189316,2022,2022-09-28 08:03:09.316,39,3,271,Fall,wahaa nakeel,wahaa nakeel
0.5170144741710719,-0.5286936814988061,0.7754192928083408,0.000809,3,10,1664784196447,2022,2022-10-03 08:03:16.447,40,4,276,Fall,wahaa nakeel,wahaa nakeel
0.5249991227906861,-0.5379356384333667,0.7873945071782148,0.000209,8,10,1665216187002,2022,2022-10-08 08:03:07.002,40,4,281,Fall,wahaa nakeel,wahaa nakeel
0.5689835216985688,-0.5872879930835532,0.853354179693184,0.000463,13,10,1665648194205,2022,2022-10-13 08:03:14.205,41,4,286,Fall,wahaa nakeel,wahaa nakeel
0.5050425982815754,-0.5165076492600101,0.7574594656371203,0.001377,18,10,1666080188686,2022,2022-10-18 08:03:08.686,42,4,291,Fall,wahaa nakeel,wahaa nakeel
0.5611666797801252,-0.5842055324752656,0.8416265535249144,0.00021,23,10,1666512191573,2022,2022-10-23 08:03:11.573,42,4,296,Fall,wahaa nakeel,wahaa nakeel
0.5929949547368154,-0.5992679463101181,0.8893533967726237,0.000799,28,10,1666944188258,2022,2022-10-28 08:03:08.258,43,4,301,Fall,wahaa nakeel,wahaa nakeel
0.5349309337903828,-0.5423714561146463,0.802275827179085,19.446625,2,11,1667376193378,2022,2022-11-02 08:03:13.378,44,4,306,Fall,wahaa nakeel,wahaa nakeel
0.6060300645277586,-0.5928258972514568,0.9089127072516663,5.201644,12,11,1668240192565,2022,2022-11-12 08:03:12.565,45,4,316,Fall,wahaa nakeel,wahaa nakeel
0.5932410049203402,-0.6161377766921102,0.8897342428293011,0.000821,22,11,1669104189410,2022,2022-11-22 08:03:09.410,47,4,326,Fall,wahaa nakeel,wahaa nakeel
0.6511217879832241,-0.6533537944663208,0.9765338038133295,3.942541,27,11,1669536188364,2022,2022-11-27 08:03:08.364,47,4,331,Fall,wahaa nakeel,wahaa nakeel
0.7189804044322474,-0.7335149016896322,1.0782938631277599,0.71557,2,12,1669968189607,2022,2022-12-02 08:03:09.607,48,4,336,Winter,wahaa nakeel,wahaa nakeel
0.5028212834058127,-0.49270106114277745,0.75412468198429,1.577414,7,12,1670400185922,2022,2022-12-07 08:03:05.922,49,4,341,Winter,wahaa nakeel,wahaa nakeel
0.5189596496097796,-0.5213710263046717,0.7783265683439967,0.288676,12,12,1670832189527,2022,2022-12-12 08:03:09.527,50,4,346,Winter,wahaa nakeel,wahaa nakeel
0.6262627335918041,-0.6348436883823767,0.939247241889963,0.000462,17,12,1671264187830,2022,2022-12-17 08:03:07.830,50,4,351,Winter,wahaa nakeel,wahaa nakeel
0.6199535098971254,-0.6105649710000126,0.9297860605271243,13.559896,11,1,1673424187364,2023,2023-01-11 08:03:07.364,2,1,11,Winter,wahaa nakeel,wahaa nakeel
0.5800675598096722,-0.6007573712401882,0.8699641453006532,3.583759,21,1,1674288184683,2023,2023-01-21 08:03:04.683,3,1,21,Winter,wahaa nakeel,wahaa nakeel
0.6043899566239703,-0.5962591209059555,0.9064397654159935,0.23856,5,2,1675584186846,2023,2023-02-05 08:03:06.846,5,1,36,Winter,wahaa nakeel,wahaa nakeel
0.5812206169871018,-0.5948279059990668,0.8716931927976977,25.681138,10,2,1676016187939,2023,2023-02-10 08:03:07.939,6,1,41,Winter,wahaa nakeel,wahaa nakeel
0.4434944107385572,-0.44729609332075343,0.6651519143132545,19.09931,15,2,1676448187534,2023,2023-02-15 08:03:07.534,7,1,46,Winter,wahaa nakeel,wahaa nakeel
0.5266681627470626,-0.5601204877701558,0.7898921801577906,8.169296,20,2,1676880186547,2023,2023-02-20 08:03:06.547,8,1,51,Winter,wahaa nakeel,wahaa nakeel
0.4866200946610198,-0.48887546316798497,0.7298242079746167,0.000837,25,2,1677312189813,2023,2023-02-25 08:03:09.813,8,1,56,Winter,wahaa nakeel,wahaa nakeel
0.6334535196022926,-0.662348297353313,0.9500322778842014,0.886061,2,3,1677744186440,2023,2023-03-02 08:03:06.440,9,1,61,Spring,wahaa nakeel,wahaa nakeel
0.5117757860913388,-0.5289386173082489,0.7675551579525446,5.314947,7,3,1678176192656,2023,2023-03-07 08:03:12.656,10,1,66,Spring,wahaa nakeel,wahaa nakeel
0.5651227819326243,-0.5451275201011591,0.8475730718794099,0.17443,17,3,1679040193227,2023,2023-03-17 08:03:13.227,11,1,76,Spring,wahaa nakeel,wahaa nakeel
0.5444189098004456,-0.5392478107104358,0.8165224358290041,0.003138,22,3,1679472187858,2023,2023-03-22 08:03:07.858,12,1,81,Spring,wahaa nakeel,wahaa nakeel
0.52324202180087,-0.5192881432731792,0.7847641265885382,1.131095,27,3,1679904192309,2023,2023-03-27 08:03:12.309,13,1,86,Spring,wahaa nakeel,wahaa nakeel
0.5689698781023519,-0.5581990813273913,0.8533471128548504,0.040304,1,4,1680336188030,2023,2023-04-01 08:03:08.030,13,2,91,Spring,wahaa nakeel,wahaa nakeel
0.52006878677643,-0.5169967633450772,0.7800146734155843,15.680379,6,4,1680768192178,2023,2023-04-06 08:03:12.178,14,2,96,Spring,wahaa nakeel,wahaa nakeel
0.53457854735034,-0.5361442882376678,0.8017676273954767,0.571296,11,4,1681200189467,2023,2023-04-11 08:03:09.467,15,2,101,Spring,wahaa nakeel,wahaa nakeel
0.5253210324230553,-0.5178935821568151,0.7878890112344524,1.124493,21,4,1682064187865,2023,2023-04-21 08:03:07.865,16,2,111,Spring,wahaa nakeel,wahaa nakeel
0.44226361500285827,-0.44365499924256224,0.6633202767817126,0.002236,26,4,1682496191034,2023,2023-04-26 08:03:11.034,17,2,116,Spring,wahaa nakeel,wahaa nakeel
0.523418094790757,-0.5089245194401357,0.7850388702102983,0.016383,1,5,1682928189673,2023,2023-05-01 08:03:09.673,18,2,121,Spring,wahaa nakeel,wahaa nakeel
0.48482558553068683,-0.48173102568297227,0.7271588537368535,0.019352,6,5,1683360191937,2023,2023-05-06 08:03:11.937,18,2,126,Spring,wahaa nakeel,wahaa nakeel
0.47115902278707805,-0.4731305711465801,0.7066603499522375,0.677826,11,5,1683792188447,2023,2023-05-11 08:03:08.447,19,2,131,Spring,wahaa nakeel,wahaa nakeel
0.4642944041618282,-0.4645575321504333,0.6963650912953976,29.299346,16,5,1684224193552,2023,2023-05-16 08:03:13.552,20,2,136,Spring,wahaa nakeel,wahaa nakeel
0.4509451648658402,-0.45807673299643964,0.6763446468936252,0.030686,21,5,1684656191989,2023,2023-05-21 08:03:11.989,20,2,141,Spring,wahaa nakeel,wahaa nakeel
0.4263435028595008,-0.4361393954764197,0.6394436558891792,0.016599,26,5,1685088194015,2023,2023-05-26 08:03:14.015,21,2,146,Spring,wahaa nakeel,wahaa nakeel
0.49552852731374153,-0.49189759038223296,0.7432073737082455,0.003199,31,5,1685520193179,2023,2023-05-31 08:03:13.179,22,2,151,Spring,wahaa nakeel,wahaa nakeel
0.4194640120504598,-0.44089589983363436,0.6291256700718454,0.010005,10,6,1686384193191,2023,2023-06-10 08:03:13.191,23,2,161,Summer,wahaa nakeel,wahaa nakeel
0.3703133801439662,-0.38571990379714777,0.5554098454294462,0.005106,15,6,1686816194274,2023,2023-06-15 08:03:14.274,24,2,166,Summer,wahaa nakeel,wahaa nakeel
0.46213477651454543,-0.46755368413182724,0.6931247172585688,0.00311,20,6,1687248193253,2023,2023-06-20 08:03:13.253,25,2,171,Summer,wahaa nakeel,wahaa nakeel
0.43655460501240323,-0.4442413833036138,0.6547586818742743,0.000674,25,6,1687680193721,2023,2023-06-25 08:03:13.721,25,2,176,Summer,wahaa nakeel,wahaa nakeel
0.4366753371933086,-0.44050740983844083,0.6549399655886152,0.00193,30,6,1688112193695,2023,2023-06-30 08:03:13.695,26,2,181,Summer,wahaa nakeel,wahaa nakeel
0.4633748019239576,-0.46479822335019183,0.6949827912745875,0.002758,5,7,1688544194706,2023,2023-07-05 08:03:14.706,27,3,186,Summer,wahaa nakeel,wahaa nakeel
0.4369646095364929,-0.4364266760789499,0.6553734385600961,0.006046,10,7,1688976194572,2023,2023-07-10 08:03:14.572,28,3,191,Summer,wahaa nakeel,wahaa nakeel
0.4817083978179944,-0.48507595925236646,0.7224801722549657,0.066049,15,7,1689408194338,2023,2023-07-15 08:03:14.338,28,3,196,Summer,wahaa nakeel,wahaa nakeel
0.44961905085925735,-0.45513011842066986,0.6743522119489636,0.002855,20,7,1689840193234,2023,2023-07-20 08:03:13.234,29,3,201,Summer,wahaa nakeel,wahaa nakeel
0.43133503678214136,-0.43329772426498236,0.6469299056489428,2.564633,25,7,1690272195284,2023,2023-07-25 08:03:15.284,30,3,206,Summer,wahaa nakeel,wahaa nakeel
0.4843100097591266,-0.48493936873992693,0.7263798870147037,0.61512,30,7,1690704194615,2023,2023-07-30 08:03:14.615,30,3,211,Summer,wahaa nakeel,wahaa nakeel
0.45563382874690855,-0.4545746781341024,0.6833726852372894,0.003859,4,8,1691136193970,2023,2023-08-04 08:03:13.970,31,3,216,Summer,wahaa nakeel,wahaa nakeel
0.30674481578426915,-0.30102879945954114,0.46006201646642014,20.214637,14,8,1692000194908,2023,2023-08-14 08:03:14.908,33,3,226,Summer,wahaa nakeel,wahaa nakeel
0.475880819482601,-0.4825222462615204,0.713735471408141,0.001762,19,8,1692432195391,2023,2023-08-19 08:03:15.391,33,3,231,Summer,wahaa nakeel,wahaa nakeel
0.3722352835332068,-0.38890563920439974,0.5582880253471687,1.946899,24,8,1692864193373,2023,2023-08-24 08:03:13.373,34,3,236,Summer,wahaa nakeel,wahaa nakeel
0.4460666034106413,-0.45601306069831127,0.6690193836171175,0.005213,29,8,1693296194879,2023,2023-08-29 08:03:14.879,35,3,241,Summer,wahaa nakeel,wahaa nakeel
0.3987852706315966,-0.41460272784369606,0.5981054646463336,1.956672,3,9,1693728194063,2023,2023-09-03 08:03:14.063,35,3,246,Fall,wahaa nakeel,wahaa nakeel
0.24535336264607496,-0.238663113190293,0.3679971931006826,12.3092,8,9,1694160194537,2023,2023-09-08 08:03:14.537,36,3,251,Fall,wahaa nakeel,wahaa nakeel
0.4513218676044777,-0.48192081641398793,0.6768969587324226,0.110812,18,9,1695024192325,2023,2023-09-18 08:03:12.325,38,3,261,Fall,wahaa nakeel,wahaa nakeel
0.17924650169518136,-0.2331180038991699,0.26884193802766065,28.426367,23,9,1695456192861,2023,2023-09-23 08:03:12.861,38,3,266,Fall,wahaa nakeel,wahaa nakeel
0.5056389977889695,-0.5319043216812044,0.7583553403277985,0.000896,28,9,1695888191603,2023,2023-09-28 08:03:11.603,39,3,271,Fall,wahaa nakeel,wahaa nakeel
0.49997813789106493,-0.5231995561650142,0.7498605316997795,0.048048,3,10,1696320190228,2023,2023-10-03 08:03:10.228,40,4,276,Fall,wahaa nakeel,wahaa nakeel
0.5030536425758478,-0.5393888926912901,0.7544721091503528,0.000789,8,10,1696752189318,2023,2023-10-08 08:03:09.318,40,4,281,Fall,wahaa nakeel,wahaa nakeel
0.43441085941617696,-0.45621546296945764,0.6515267860022042,0.001023,13,10,1697184191465,2023,2023-10-13 08:03:11.465,41,4,286,Fall,wahaa nakeel,wahaa nakeel
0.4343892332208742,-0.46570568650838684,0.6514899408233388,0.246904,18,10,1697616188780,2023,2023-10-18 08:03:08.780,42,4,291,Fall,wahaa nakeel,wahaa nakeel
0.5319773205542783,-0.5935808449150126,0.7978461612738799,0.030436,23,10,1698048190679,2023,2023-10-23 08:03:10.679,43,4,296,Fall,wahaa nakeel,wahaa nakeel
0.5048796033884082,-0.5025686769245148,0.7572134028637466,13.737844,2,11,1698912191928,2023,2023-11-02 08:03:11.928,44,4,306,Fall,wahaa nakeel,wahaa nakeel
0.5052334489915943,-0.5178758532068009,0.7577392784629791,27.810347,12,11,1699776190319,2023,2023-11-12 08:03:10.319,45,4,316,Fall,wahaa nakeel,wahaa nakeel
0.46138264951351937,-0.45773997112897924,0.6919743149308778,0.001592,17,11,1700208187330,2023,2023-11-17 08:03:07.330,46,4,321,Fall,wahaa nakeel,wahaa nakeel
0.45897329780793394,-0.49526267771194143,0.6883654320675543,0.329661,22,11,1700640185008,2023,2023-11-22 08:03:05.008,47,4,326,Fall,wahaa nakeel,wahaa nakeel
0.49389219199969864,-0.5027446119636909,0.7407185654278866,9.9e-05,27,11,1701072182476,2023,2023-11-27 08:03:02.476,48,4,331,Fall,wahaa nakeel,wahaa nakeel
0.5755029319732775,-0.5952094582189233,0.8631132394620288,0.000317,2,12,1701504186423,2023,2023-12-02 08:03:06.423,48,4,336,Winter,wahaa nakeel,wahaa nakeel
0.4907559789327043,-0.4995033020863148,0.7360150024651506,0.958114,7,12,1701936183285,2023,2023-12-07 08:03:03.285,49,4,341,Winter,wahaa nakeel,wahaa nakeel
0.5186732789387307,-0.5002064404177881,0.777891874925154,0.00316,1,1,1704096190166,2024,2024-01-01 08:03:10.166,1,1,1,Winter,wahaa nakeel,wahaa nakeel
0.6132292493665423,-0.6135848937607847,0.9196927756575528,0.341529,6,1,1704528185476,2024,2024-01-06 08:03:05.476,1,1,6,Winter,wahaa nakeel,wahaa nakeel
0.47816062985136554,-0.47473373662464646,0.7171324636482366,16.304047,11,1,1704960187095,2024,2024-01-11 08:03:07.095,2,1,11,Winter,wahaa nakeel,wahaa nakeel
0.4379776942706761,-0.44636136494471534,0.6568670935209066,22.568642,16,1,1705392181628,2024,2024-01-16 08:03:01.628,3,1,16,Winter,wahaa nakeel,wahaa nakeel
0.6522756953228754,-0.6921787397959748,0.9782482735710858,0.000511,21,1,1705824188614,2024,2024-01-21 08:03:08.614,3,1,21,Winter,wahaa nakeel,wahaa nakeel
0.5057122230046891,-0.5076750221591555,0.7584508906066832,0.015854,31,1,1706688186519,2024,2024-01-31 08:03:06.519,5,1,31,Winter,wahaa nakeel,wahaa nakeel
0.4576474885703617,-0.4657385151847345,0.6863692851729555,4.51904,10,2,1707552189738,2024,2024-02-10 08:03:09.738,6,1,41,Winter,wahaa nakeel,wahaa nakeel
0.4942525186455437,-0.505246641231672,0.741269480898122,0.000448,20,2,1708416190089,2024,2024-02-20 08:03:10.089,8,1,51,Winter,wahaa nakeel,wahaa nakeel
0.1313577576026595,-0.1411121307155953,0.19702061330810838,27.161184,25,2,1708848188068,2024,2024-02-25 08:03:08.068,8,1,56,Winter,wahaa nakeel,wahaa nakeel
0.7426410809826378,-0.7885637582627872,1.1137814236637669,0.000209,1,3,1709280186935,2024,2024-03-01 08:03:06.935,9,1,61,Spring,wahaa nakeel,wahaa nakeel
0.488801460226343,-0.5063425428475536,0.733095713001206,0.004631,6,3,1709712189878,2024,2024-03-06 08:03:09.878,10,1,66,Spring,wahaa nakeel,wahaa nakeel
0.3457793305003739,-0.3856778730564159,0.5186049347472483,0.14719,11,3,1710144185499,2024,2024-03-11 08:03:05.499,11,1,71,Spring,wahaa nakeel,wahaa nakeel
0.5204550382460157,-0.5214619696334637,0.780584179053558,0.003744,26,3,1711440190090,2024,2024-03-26 08:03:10.090,13,1,86,Spring,wahaa nakeel,wahaa nakeel
0.5267686332592925,-0.5359763087920756,0.7900520844519593,6.043088,31,3,1711872188629,2024,2024-03-31 08:03:08.629,13,1,91,Spring,wahaa nakeel,wahaa nakeel
0.2996323229614945,-0.34139957911048435,0.4493492138481749,15.128572,5,4,1712304186722,2024,2024-04-05 08:03:06.722,14,2,96,Spring,wahaa nakeel,wahaa nakeel
0.2612066152996549,-0.2743846515745336,0.39177244226135716,27.015412,10,4,1712736189166,2024,2024-04-10 08:03:09.166,15,2,101,Spring,wahaa nakeel,wahaa nakeel
0.48708982003926404,-0.4921018010760148,0.7305483245438956,0.026663,15,4,1713168191810,2024,2024-04-15 08:03:11.810,16,2,106,Spring,wahaa nakeel,wahaa nakeel
0.3930357359281265,-0.41118945002667806,0.5894882106375882,0.007207,20,4,1713600190035,2024,2024-04-20 08:03:10.035,16,2,111,Spring,wahaa nakeel,wahaa nakeel
0.5536514711316571,-0.5775493566668208,0.8303784116847345,10.034822,25,4,1714032191445,2024,2024-04-25 08:03:11.445,17,2,116,Spring,wahaa nakeel,wahaa nakeel
0.5413554820324389,-0.5414268553935847,0.811936313769374,0.645392,30,4,1714464189141,2024,2024-04-30 08:03:09.141,18,2,121,Spring,wahaa nakeel,wahaa nakeel
0.4317878804984141,-0.4407299895529612,0.6476107566689963,0.004456,5,5,1714896192055,2024,2024-05-05 08:03:12.055,18,2,126,Spring,wahaa nakeel,wahaa nakeel
0.437093095796217,-0.4404282276757107,0.6555700741962321,0.006735,15,5,1715760192111,2024,2024-05-15 08:03:12.111,20,2,136,Spring,wahaa nakeel,wahaa nakeel
0.5194679030381091,-0.5372963768042641,0.7791145334070021,0.002139,20,5,1716192188409,2024,2024-05-20 08:03:08.409,21,2,141,Spring,wahaa nakeel,wahaa nakeel
0.40560297455094574,-0.4233131844499331,0.6083382775997772,0.000657,25,5,1716624189144,2024,2024-05-25 08:03:09.144,21,2,146,Spring,wahaa nakeel,wahaa nakeel
0.37274259489075534,-0.3908606869189069,0.5590562466132085,24.411787,30,5,1717056189343,2024,2024-05-30 08:03:09.343,22,2,151,Spring,wahaa nakeel,wahaa nakeel
0.42800885266288197,-0.46719265765309215,0.6419403018921258,0.003172,4,6,1717488194089,2024,2024-06-04 08:03:14.089,23,2,156,Summer,wahaa nakeel,wahaa nakeel
0.38979492221980183,-0.4076652160256144,0.5846284600042742,0.00364,14,6,1718352195344,2024,2024-06-14 08:03:15.344,24,2,166,Summer,wahaa nakeel,wahaa nakeel
0.41722425797130147,-0.44132165979082366,0.6257661879616343,0.000746,19,6,1718784191613,2024,2024-06-19 08:03:11.613,25,2,171,Summer,wahaa nakeel,wahaa nakeel
0.34354092134221165,-0.37107067619431944,0.5152541758046946,0.002611,24,6,1719216193275,2024,2024-06-24 08:03:13.275,26,2,176,Summer,wahaa nakeel,wahaa nakeel
0.38782743110591505,-0.4074519290034378,0.581676665871498,0.006241,29,6,1719648193167,2024,2024-06-29 08:03:13.167,26,2,181,Summer,wahaa nakeel,wahaa nakeel
0.41322255251232126,-0.4311385973371354,0.6197619554877059,0.001867,4,7,1720080192875,2024,2024-07-04 08:03:12.875,27,3,186,Summer,wahaa nakeel,wahaa nakeel
0.3754953676790421,-0.39273044242106725,0.5631790156568137,0.002001,9,7,1720512191843,2024,2024-07-09 08:03:11.843,28,3,191,Summer,wahaa nakeel,wahaa nakeel
0.3592297144311984,-0.3796496062471252,0.53878298275647,3.485138,14,7,1720944191437,2024,2024-07-14 08:03:11.437,28,3,196,Summer,wahaa nakeel,wahaa nakeel
0.3970799829142879,-0.4164712675607195,0.5955518961999409,18.211247,24,7,1721808191497,2024,2024-07-24 08:03:11.497,30,3,206,Summer,wahaa nakeel,wahaa nakeel
0.3987622684992848,-0.41561716537325477,0.5980737228736125,26.786426,3,8,1722672191821,2024,2024-08-03 08:03:11.821,31,3,216,Summer,wahaa nakeel,wahaa nakeel
0.4248072735670225,-0.43616024168830214,0.6371359767319854,3.481117,13,8,1723536190840,2024,2024-08-13 08:03:10.840,33,3,226,Summer,wahaa nakeel,wahaa nakeel
0.41150861444758835,-0.4245661835937542,0.6171900252259604,0.866363,18,8,1723968191527,2024,2024-08-18 08:03:11.527,33,3,231,Summer,wahaa nakeel,wahaa nakeel
0.46190347057377895,-0.4674181005082599,0.6927685764486052,11.308707,23,8,1724400186642,2024,2024-08-23 08:03:06.642,34,3,236,Summer,wahaa nakeel,wahaa nakeel
0.045565843718132396,-0.009797183855792424,0.06834272068763447,20.418474,28,8,1724832191241,2024,2024-08-28 08:03:11.241,35,3,241,Summer,wahaa nakeel,wahaa nakeel
0.46043993995016,-0.4610131031834729,0.6905735803970385,0.004198,7,9,1725696191780,2024,2024-09-07 08:03:11.780,36,3,251,Fall,wahaa nakeel,wahaa nakeel
0.4514190620445061,-0.46161053068032143,0.6770415182596815,0.008173,17,9,1726560190457,2024,2024-09-17 08:03:10.457,38,3,261,Fall,wahaa nakeel,wahaa nakeel
0.4298979266333632,-0.4431830148050017,0.6447641717061041,0.003164,22,9,1726992190772,2024,2024-09-22 08:03:10.772,38,3,266,Fall,wahaa nakeel,wahaa nakeel
0.4424799431109283,-0.4567328609582076,0.6636317552335366,1.557711,27,9,1727424189192,2024,2024-09-27 08:03:09.192,39,3,271,Fall,wahaa nakeel,wahaa nakeel
0.4419684210251084,-0.4483640594305051,0.6628621615486292,0.002999,2,10,1727856191070,2024,2024-10-02 08:03:11.070,40,4,276,Fall,wahaa nakeel,wahaa nakeel
0.4204080398338415,-0.42992624065161605,0.6305250975584051,0.000397,7,10,1728288189247,2024,2024-10-07 08:03:09.247,41,4,281,Fall,wahaa nakeel,wahaa nakeel
0.4310611796272749,-0.4376061314791177,0.6464995158865996,0.000396,12,10,1728720187575,2024,2024-10-12 08:03:07.575,41,4,286,Fall,wahaa nakeel,wahaa nakeel
0.4345329387803843,-0.4431334955249971,0.6517069617104001,0.001884,17,10,1729152189646,2024,2024-10-17 08:03:09.646,42,4,291,Fall,wahaa nakeel,wahaa nakeel
0.47329367148211127,-0.4865246371808029,0.7098341664427134,0.00088,22,10,1729584189133,2024,2024-10-22 08:03:09.133,43,4,296,Fall,wahaa nakeel,wahaa nakeel
0.07273440341290115,-0.04873685008170884,0.1090948389452386,6.245232,27,10,1730016190169,2024,2024-10-27 08:03:10.169,43,4,301,Fall,wahaa nakeel,wahaa nakeel
0.5525523307763059,-0.5544312869198675,0.8287047912440495,27.137434,6,11,1730880183742,2024,2024-11-06 08:03:03.742,45,4,311,Fall,wahaa nakeel,wahaa nakeel
0.6125453536090969,-0.6238909125446108,0.9186749153256584,0.36236,11,11,1731312187631,2024,2024-11-11 08:03:07.631,46,4,316,Fall,wahaa nakeel,wahaa nakeel
0.5327635461656455,-0.5335477589488999,0.7990260948877279,5.1e-05,16,11,1731744186444,2024,2024-11-16 08:03:06.444,46,4,321,Fall,wahaa nakeel,wahaa nakeel
0.47536055998085225,-0.47776542809401656,0.7129317810544336,26.355752,21,11,1732176188677,2024,2024-11-21 08:03:08.677,47,4,326,Fall,wahaa nakeel,wahaa nakeel
0.46490309400072594,-0.4593881127130758,0.6972544023132918,22.654869,26,11,1732608190816,2024,2024-11-26 08:03:10.816,48,4,331,Fall,wahaa nakeel,wahaa nakeel
0.569483626890185,-0.5891557880498371,0.8540866352352713,2.601941,1,12,1733040189039,2024,2024-12-01 08:03:09.039,48,4,336,Winter,wahaa nakeel,wahaa nakeel
0.47707638712993755,-0.477946761050298,0.7155022156842288,13.240062,6,12,1733472189396,2024,2024-12-06 08:03:09.396,49,4,341,Winter,wahaa nakeel,wahaa nakeel
0.5339843951189,-0.5445176957824996,0.8008457783534048,0.000577,11,12,1733904190252,2024,2024-12-11 08:03:10.252,50,4,346,Winter,wahaa nakeel,wahaa nakeel
0.5177496660706498,-0.5312514887800949,0.7765024606442598,0.001672,11,12,1733904217591,2024,2024-12-11 08:03:37.591,50,4,346,Winter,wahaa nakeel,wahaa nakeel
0.622185545590067,-0.6748870775425524,0.9331231569377091,0.000372,16,12,1734336190430,2024,2024-12-16 08:03:10.430,51,4,351,Winter,wahaa nakeel,wahaa nakeel
0.5065188875186217,-0.5231826703536856,0.7596568672652942,0.000262,21,12,1734768189168,2024,2024-12-21 08:03:09.168,51,4,356,Winter,wahaa nakeel,wahaa nakeel
0.4588933893120321,-0.46419185033509375,0.6882278368242816,0.508238,26,12,1735200191032,2024,2024-12-26 08:03:11.032,52,4,361,Winter,wahaa nakeel,wahaa nakeel
